wheel,direction,PWM,trial_num,sample_num,settled_speed_cps,speed_mm_s,dt_ms,time_ms,encoder_count,other_encoder_count,source
left,forward,40,1,11,460.0,129.066,50.0,24776.0,447,0,ex3_late
left,forward,40,1,12,480.0,134.677,50.0,24826.0,471,0,ex3_late
left,forward,40,1,13,460.0,129.066,50.0,24876.0,494,0,ex3_late
left,forward,40,1,14,460.0,129.066,50.0,24926.0,517,0,ex3_late
left,forward,40,1,15,480.0,134.677,50.0,24976.0,541,0,ex3_late
left,forward,40,1,16,460.0,129.066,50.0,25026.0,564,0,ex3_late
left,forward,40,1,17,480.0,134.677,50.0,25076.0,588,0,ex3_late
left,forward,40,1,18,460.0,129.066,50.0,25126.0,611,0,ex3_late
left,forward,40,1,19,480.0,134.677,50.0,25176.0,635,0,ex3_late
left,forward,40,1,20,460.0,129.066,50.0,25226.0,658,0,ex3_late
left,forward,40,2,11,480.0,134.677,50.0,50789.0,3663,0,ex3_late
left,forward,40,2,12,460.0,129.066,50.0,50839.0,3686,0,ex3_late
left,forward,40,2,13,460.0,129.066,50.0,50889.0,3709,0,ex3_late
left,forward,40,2,14,480.0,134.677,50.0,50939.0,3733,0,ex3_late
left,forward,40,2,15,460.0,129.066,50.0,50989.0,3756,0,ex3_late
left,forward,40,2,16,480.0,134.677,50.0,51039.0,3780,0,ex3_late
left,forward,40,2,17,460.0,129.066,50.0,51089.0,3803,0,ex3_late
left,forward,40,2,18,480.0,134.677,50.0,51139.0,3827,0,ex3_late
left,forward,40,2,19,460.0,129.066,50.0,51189.0,3850,0,ex3_late
left,forward,40,2,20,460.0,129.066,50.0,51239.0,3873,0,ex3_late
left,forward,40,3,11,480.0,134.677,50.0,76802.0,6505,0,ex3_late
left,forward,40,3,12,460.0,129.066,50.0,76852.0,6528,0,ex3_late
left,forward,40,3,13,460.0,129.066,50.0,76902.0,6551,0,ex3_late
left,forward,40,3,14,480.0,134.677,50.0,76952.0,6575,0,ex3_late
left,forward,40,3,15,460.0,129.066,50.0,77002.0,6598,0,ex3_late
left,forward,40,3,16,480.0,134.677,50.0,77052.0,6622,0,ex3_late
left,forward,40,3,17,460.0,129.066,50.0,77102.0,6645,0,ex3_late
left,forward,40,3,18,480.0,134.677,50.0,77152.0,6669,0,ex3_late
left,forward,40,3,19,460.0,129.066,50.0,77202.0,6692,0,ex3_late
left,forward,40,3,20,460.0,129.066,50.0,77252.0,6715,0,ex3_late
left,forward,40,4,11,460.0,129.066,50.0,102815.0,9695,0,ex3_late
left,forward,40,4,12,460.0,129.066,50.0,102865.0,9718,0,ex3_late
left,forward,40,4,13,480.0,134.677,50.0,102915.0,9742,0,ex3_late
left,forward,40,4,14,460.0,129.066,50.0,102965.0,9765,0,ex3_late
left,forward,40,4,15,480.0,134.677,50.0,103015.0,9789,0,ex3_late
left,forward,40,4,16,460.0,129.066,50.0,103065.0,9812,0,ex3_late
left,forward,40,4,17,460.0,129.066,50.0,103115.0,9835,0,ex3_late
left,forward,40,4,18,480.0,134.677,50.0,103165.0,9859,0,ex3_late
left,forward,40,4,19,460.0,129.066,50.0,103215.0,9882,0,ex3_late
left,forward,40,4,20,480.0,134.677,50.0,103265.0,9906,0,ex3_late
left,forward,40,5,11,480.0,134.677,50.0,128828.0,12515,0,ex3_late
left,forward,40,5,12,460.0,129.066,50.0,128878.0,12538,0,ex3_late
left,forward,40,5,13,480.0,134.677,50.0,128928.0,12562,0,ex3_late
left,forward,40,5,14,460.0,129.066,50.0,128978.0,12585,0,ex3_late
left,forward,40,5,15,480.0,134.677,50.0,129028.0,12609,0,ex3_late
left,forward,40,5,16,460.0,129.066,50.0,129078.0,12632,0,ex3_late
left,forward,40,5,17,460.0,129.066,50.0,129128.0,12655,0,ex3_late
left,forward,40,5,18,480.0,134.677,50.0,129178.0,12679,0,ex3_late
left,forward,40,5,19,460.0,129.066,50.0,129228.0,12702,0,ex3_late
left,forward,40,5,20,480.0,134.677,50.0,129278.0,12726,0,ex3_late
left,forward,45,1,11,540.0,151.512,50.0,26777.0,903,0,ex3_late
left,forward,45,1,12,540.0,151.512,50.0,26827.0,930,0,ex3_late
left,forward,45,1,13,540.0,151.512,50.0,26877.0,957,0,ex3_late
left,forward,45,1,14,520.0,145.9,50.0,26927.0,983,0,ex3_late
left,forward,45,1,15,540.0,151.512,50.0,26977.0,1010,0,ex3_late
left,forward,45,1,16,540.0,151.512,50.0,27027.0,1037,0,ex3_late
left,forward,45,1,17,540.0,151.512,50.0,27077.0,1064,0,ex3_late
left,forward,45,1,18,540.0,151.512,50.0,27127.0,1091,0,ex3_late
left,forward,45,1,19,540.0,151.512,50.0,27177.0,1118,0,ex3_late
left,forward,45,1,20,520.0,145.9,50.0,27227.0,1144,0,ex3_late
left,forward,45,2,11,540.0,151.512,50.0,52790.0,4122,0,ex3_late
left,forward,45,2,12,540.0,151.512,50.0,52840.0,4149,0,ex3_late
left,forward,45,2,13,520.0,145.9,50.0,52890.0,4175,0,ex3_late
left,forward,45,2,14,540.0,151.512,50.0,52940.0,4202,0,ex3_late
left,forward,45,2,15,540.0,151.512,50.0,52990.0,4229,0,ex3_late
left,forward,45,2,16,520.0,145.9,50.0,53040.0,4255,0,ex3_late
left,forward,45,2,17,540.0,151.512,50.0,53090.0,4282,0,ex3_late
left,forward,45,2,18,540.0,151.512,50.0,53140.0,4309,0,ex3_late
left,forward,45,2,19,520.0,145.9,50.0,53190.0,4335,0,ex3_late
left,forward,45,2,20,540.0,151.512,50.0,53240.0,4362,0,ex3_late
left,forward,45,3,11,540.0,151.512,50.0,78803.0,6965,0,ex3_late
left,forward,45,3,12,540.0,151.512,50.0,78853.0,6992,0,ex3_late
left,forward,45,3,13,540.0,151.512,50.0,78903.0,7019,0,ex3_late
left,forward,45,3,14,540.0,151.512,50.0,78953.0,7046,0,ex3_late
left,forward,45,3,15,540.0,151.512,50.0,79003.0,7073,0,ex3_late
left,forward,45,3,16,540.0,151.512,50.0,79053.0,7100,0,ex3_late
left,forward,45,3,17,540.0,151.512,50.0,79103.0,7127,0,ex3_late
left,forward,45,3,18,540.0,151.512,50.0,79153.0,7154,0,ex3_late
left,forward,45,3,19,540.0,151.512,50.0,79203.0,7181,0,ex3_late
left,forward,45,3,20,520.0,145.9,50.0,79253.0,7207,0,ex3_late
left,forward,45,4,11,540.0,151.512,50.0,104816.0,10153,0,ex3_late
left,forward,45,4,12,540.0,151.512,50.0,104866.0,10180,0,ex3_late
left,forward,45,4,13,540.0,151.512,50.0,104916.0,10207,0,ex3_late
left,forward,45,4,14,520.0,145.9,50.0,104966.0,10233,0,ex3_late
left,forward,45,4,15,540.0,151.512,50.0,105016.0,10260,0,ex3_late
left,forward,45,4,16,540.0,151.512,50.0,105066.0,10287,0,ex3_late
left,forward,45,4,17,540.0,151.512,50.0,105116.0,10314,0,ex3_late
left,forward,45,4,18,540.0,151.512,50.0,105166.0,10341,0,ex3_late
left,forward,45,4,19,520.0,145.9,50.0,105216.0,10367,0,ex3_late
left,forward,45,4,20,540.0,151.512,50.0,105266.0,10394,0,ex3_late
left,forward,45,5,11,540.0,151.512,50.0,130829.0,12976,0,ex3_late
left,forward,45,5,12,540.0,151.512,50.0,130879.0,13003,0,ex3_late
left,forward,45,5,13,540.0,151.512,50.0,130929.0,13030,0,ex3_late
left,forward,45,5,14,540.0,151.512,50.0,130979.0,13057,0,ex3_late
left,forward,45,5,15,540.0,151.512,50.0,131029.0,13084,0,ex3_late
left,forward,45,5,16,540.0,151.512,50.0,131079.0,13111,0,ex3_late
left,forward,45,5,17,540.0,151.512,50.0,131129.0,13138,0,ex3_late
left,forward,45,5,18,540.0,151.512,50.0,131179.0,13165,0,ex3_late
left,forward,45,5,19,540.0,151.512,50.0,131229.0,13192,0,ex3_late
left,forward,45,5,20,540.0,151.512,50.0,131279.0,13219,0,ex3_late
left,forward,50,1,11,600.0,168.347,50.0,28778.0,1444,0,ex3_late
left,forward,50,1,12,600.0,168.347,50.0,28828.0,1474,0,ex3_late
left,forward,50,1,13,600.0,168.347,50.0,28878.0,1504,0,ex3_late
left,forward,50,1,14,600.0,168.347,50.0,28928.0,1534,0,ex3_late
left,forward,50,1,15,600.0,168.347,50.0,28978.0,1564,0,ex3_late
left,forward,50,1,16,600.0,168.347,50.0,29028.0,1594,0,ex3_late
left,forward,50,1,17,620.0,173.958,50.0,29078.0,1625,0,ex3_late
left,forward,50,1,18,620.0,173.958,50.0,29128.0,1656,0,ex3_late
left,forward,50,1,19,620.0,173.958,50.0,29178.0,1687,0,ex3_late
left,forward,50,1,20,620.0,173.958,50.0,29228.0,1718,0,ex3_late
left,forward,50,2,11,600.0,168.347,50.0,54791.0,4653,0,ex3_late
left,forward,50,2,12,600.0,168.347,50.0,54841.0,4683,0,ex3_late
left,forward,50,2,13,600.0,168.347,50.0,54891.0,4713,0,ex3_late
left,forward,50,2,14,600.0,168.347,50.0,54941.0,4743,0,ex3_late
left,forward,50,2,15,600.0,168.347,50.0,54991.0,4773,0,ex3_late
left,forward,50,2,16,600.0,168.347,50.0,55041.0,4803,0,ex3_late
left,forward,50,2,17,620.0,173.958,50.0,55091.0,4834,0,ex3_late
left,forward,50,2,18,620.0,173.958,50.0,55141.0,4865,0,ex3_late
left,forward,50,2,19,600.0,168.347,50.0,55191.0,4895,0,ex3_late
left,forward,50,2,20,620.0,173.958,50.0,55241.0,4926,0,ex3_late
left,forward,50,3,11,600.0,168.347,50.0,80804.0,7500,0,ex3_late
left,forward,50,3,12,600.0,168.347,50.0,80854.0,7530,0,ex3_late
left,forward,50,3,13,620.0,173.958,50.0,80904.0,7561,0,ex3_late
left,forward,50,3,14,600.0,168.347,50.0,80954.0,7591,0,ex3_late
left,forward,50,3,15,600.0,168.347,50.0,81004.0,7621,0,ex3_late
left,forward,50,3,16,620.0,173.958,50.0,81054.0,7652,0,ex3_late
left,forward,50,3,17,600.0,168.347,50.0,81104.0,7682,0,ex3_late
left,forward,50,3,18,620.0,173.958,50.0,81154.0,7713,0,ex3_late
left,forward,50,3,19,620.0,173.958,50.0,81204.0,7744,0,ex3_late
left,forward,50,3,20,620.0,173.958,50.0,81254.0,7775,0,ex3_late
left,forward,50,4,11,600.0,168.347,50.0,106817.0,10678,0,ex3_late
left,forward,50,4,12,600.0,168.347,50.0,106867.0,10708,0,ex3_late
left,forward,50,4,13,600.0,168.347,50.0,106917.0,10738,0,ex3_late
left,forward,50,4,14,620.0,173.958,50.0,106967.0,10769,0,ex3_late
left,forward,50,4,15,600.0,168.347,50.0,107017.0,10799,0,ex3_late
left,forward,50,4,16,600.0,168.347,50.0,107067.0,10829,0,ex3_late
left,forward,50,4,17,620.0,173.958,50.0,107117.0,10860,0,ex3_late
left,forward,50,4,18,620.0,173.958,50.0,107167.0,10891,0,ex3_late
left,forward,50,4,19,600.0,168.347,50.0,107217.0,10921,0,ex3_late
left,forward,50,4,20,620.0,173.958,50.0,107267.0,10952,0,ex3_late
left,forward,50,5,11,620.0,173.958,50.0,132830.0,13513,0,ex3_late
left,forward,50,5,12,600.0,168.347,50.0,132880.0,13543,0,ex3_late
left,forward,50,5,13,600.0,168.347,50.0,132930.0,13573,0,ex3_late
left,forward,50,5,14,620.0,173.958,50.0,132980.0,13604,0,ex3_late
left,forward,50,5,15,600.0,168.347,50.0,133030.0,13634,0,ex3_late
left,forward,50,5,16,620.0,173.958,50.0,133080.0,13665,0,ex3_late
left,forward,50,5,17,600.0,168.347,50.0,133130.0,13695,0,ex3_late
left,forward,50,5,18,640.0,179.57,50.0,133180.0,13727,0,ex3_late
left,forward,50,5,19,600.0,168.347,50.0,133230.0,13757,0,ex3_late
left,forward,50,5,20,620.0,173.958,50.0,133280.0,13788,0,ex3_late
left,forward,55,1,11,680.0,190.793,50.0,30779.0,2043,0,ex3_late
left,forward,55,1,12,680.0,190.793,50.0,30829.0,2077,0,ex3_late
left,forward,55,1,13,680.0,190.793,50.0,30879.0,2111,0,ex3_late
left,forward,55,1,14,680.0,190.793,50.0,30929.0,2145,0,ex3_late
left,forward,55,1,15,680.0,190.793,50.0,30979.0,2179,0,ex3_late
left,forward,55,1,16,680.0,190.793,50.0,31029.0,2213,0,ex3_late
left,forward,55,1,17,680.0,190.793,50.0,31079.0,2247,0,ex3_late
left,forward,55,1,18,680.0,190.793,50.0,31129.0,2281,0,ex3_late
left,forward,55,1,19,680.0,190.793,50.0,31179.0,2315,0,ex3_late
left,forward,55,1,20,680.0,190.793,50.0,31229.0,2349,0,ex3_late
left,forward,55,2,11,660.0,185.181,50.0,56792.0,5254,0,ex3_late
left,forward,55,2,12,680.0,190.793,50.0,56842.0,5288,0,ex3_late
left,forward,55,2,13,700.0,196.404,50.0,56892.0,5323,0,ex3_late
left,forward,55,2,14,680.0,190.793,50.0,56942.0,5357,0,ex3_late
left,forward,55,2,15,680.0,190.793,50.0,56992.0,5391,0,ex3_late
left,forward,55,2,16,680.0,190.793,50.0,57042.0,5425,0,ex3_late
left,forward,55,2,17,680.0,190.793,50.0,57092.0,5459,0,ex3_late
left,forward,55,2,18,680.0,190.793,50.0,57142.0,5493,0,ex3_late
left,forward,55,2,19,680.0,190.793,50.0,57192.0,5527,0,ex3_late
left,forward,55,2,20,680.0,190.793,50.0,57242.0,5561,0,ex3_late
left,forward,55,3,11,680.0,190.793,50.0,82805.0,8107,0,ex3_late
left,forward,55,3,12,680.0,190.793,50.0,82855.0,8141,0,ex3_late
left,forward,55,3,13,680.0,190.793,50.0,82905.0,8175,0,ex3_late
left,forward,55,3,14,680.0,190.793,50.0,82955.0,8209,0,ex3_late
left,forward,55,3,15,680.0,190.793,50.0,83005.0,8243,0,ex3_late
left,forward,55,3,16,700.0,196.404,50.0,83055.0,8278,0,ex3_late
left,forward,55,3,17,680.0,190.793,50.0,83105.0,8312,0,ex3_late
left,forward,55,3,18,680.0,190.793,50.0,83155.0,8346,0,ex3_late
left,forward,55,3,19,680.0,190.793,50.0,83205.0,8380,0,ex3_late
left,forward,55,3,20,680.0,190.793,50.0,83255.0,8414,0,ex3_late
left,forward,55,4,11,660.0,185.181,50.0,108818.0,11273,0,ex3_late
left,forward,55,4,12,680.0,190.793,50.0,108868.0,11307,0,ex3_late
left,forward,55,4,13,680.0,190.793,50.0,108918.0,11341,0,ex3_late
left,forward,55,4,14,700.0,196.404,50.0,108968.0,11376,0,ex3_late
left,forward,55,4,15,680.0,190.793,50.0,109018.0,11410,0,ex3_late
left,forward,55,4,16,680.0,190.793,50.0,109068.0,11444,0,ex3_late
left,forward,55,4,17,680.0,190.793,50.0,109118.0,11478,0,ex3_late
left,forward,55,4,18,700.0,196.404,50.0,109168.0,11513,0,ex3_late
left,forward,55,4,19,680.0,190.793,50.0,109218.0,11547,0,ex3_late
left,forward,55,4,20,680.0,190.793,50.0,109268.0,11581,0,ex3_late
left,forward,55,5,11,680.0,190.793,50.0,134831.0,14115,0,ex3_late
left,forward,55,5,12,680.0,190.793,50.0,134881.0,14149,0,ex3_late
left,forward,55,5,13,680.0,190.793,50.0,134931.0,14183,0,ex3_late
left,forward,55,5,14,680.0,190.793,50.0,134981.0,14217,0,ex3_late
left,forward,55,5,15,700.0,196.404,50.0,135031.0,14252,0,ex3_late
left,forward,55,5,16,680.0,190.793,50.0,135081.0,14286,0,ex3_late
left,forward,55,5,17,680.0,190.793,50.0,135131.0,14320,0,ex3_late
left,forward,55,5,18,680.0,190.793,50.0,135181.0,14354,0,ex3_late
left,forward,55,5,19,700.0,196.404,50.0,135231.0,14389,0,ex3_late
left,forward,55,5,20,680.0,190.793,50.0,135281.0,14423,0,ex3_late
left,forward,60,1,1,780.0,218.851,50.0,8158.0,393,0,ex4
left,forward,60,1,2,754.717,211.757,53.0,8211.0,433,0,ex4
left,forward,60,1,3,760.0,213.239,50.0,8261.0,471,0,ex4
left,forward,60,1,4,760.0,213.239,50.0,8311.0,509,0,ex4
left,forward,60,1,5,760.0,213.239,50.0,8361.0,547,0,ex4
left,forward,60,1,6,760.0,213.239,50.0,8411.0,585,0,ex4
left,forward,60,1,7,760.0,213.239,50.0,8461.0,623,0,ex4
left,forward,60,1,8,760.0,213.239,50.0,8511.0,661,0,ex4
left,forward,60,1,9,760.0,213.239,50.0,8561.0,699,0,ex4
left,forward,60,1,10,760.0,213.239,50.0,8611.0,737,0,ex4
left,forward,60,1,11,760.0,213.239,50.0,8661.0,775,0,ex4
left,forward,60,1,12,780.0,218.851,50.0,8711.0,814,0,ex4
left,forward,60,1,13,740.0,207.627,50.0,8761.0,851,0,ex4
left,forward,60,1,14,780.0,218.851,50.0,8811.0,890,0,ex4
left,forward,60,1,15,760.0,213.239,50.0,8861.0,928,0,ex4
left,forward,60,1,16,760.0,213.239,50.0,8911.0,966,0,ex4
left,forward,60,1,17,760.0,213.239,50.0,8961.0,1004,0,ex4
left,forward,60,1,18,760.0,213.239,50.0,9011.0,1042,0,ex4
left,forward,60,1,19,760.0,213.239,50.0,9061.0,1080,0,ex4
left,forward,60,1,20,760.0,213.239,50.0,9111.0,1118,0,ex4
left,forward,60,2,1,740.0,207.627,50.0,47177.0,40166,0,ex4
left,forward,60,2,2,740.0,207.627,50.0,47227.0,40203,0,ex4
left,forward,60,2,3,760.0,213.239,50.0,47277.0,40241,0,ex4
left,forward,60,2,4,740.0,207.627,50.0,47327.0,40278,0,ex4
left,forward,60,2,5,740.0,207.627,50.0,47377.0,40315,0,ex4
left,forward,60,2,6,760.0,213.239,50.0,47427.0,40353,0,ex4
left,forward,60,2,7,740.0,207.627,50.0,47477.0,40390,0,ex4
left,forward,60,2,8,740.0,207.627,50.0,47527.0,40427,0,ex4
left,forward,60,2,9,740.0,207.627,50.0,47577.0,40464,0,ex4
left,forward,60,2,10,740.0,207.627,50.0,47627.0,40501,0,ex4
left,forward,60,2,11,760.0,213.239,50.0,47677.0,40539,0,ex4
left,forward,60,2,12,740.0,207.627,50.0,47727.0,40576,0,ex4
left,forward,60,2,13,740.0,207.627,50.0,47777.0,40613,0,ex4
left,forward,60,2,14,760.0,213.239,50.0,47827.0,40651,0,ex4
left,forward,60,2,15,740.0,207.627,50.0,47877.0,40688,0,ex4
left,forward,60,2,16,740.0,207.627,50.0,47927.0,40725,0,ex4
left,forward,60,2,17,760.0,213.239,50.0,47977.0,40763,0,ex4
left,forward,60,2,18,745.098,209.058,51.0,48028.0,40801,0,ex4
left,forward,60,2,19,740.0,207.627,50.0,48078.0,40838,0,ex4
left,forward,60,2,20,740.0,207.627,50.0,48128.0,40875,0,ex4
left,forward,60,3,1,740.0,207.627,50.0,86197.0,79917,0,ex4
left,forward,60,3,2,760.0,213.239,50.0,86247.0,79955,0,ex4
left,forward,60,3,3,760.0,213.239,50.0,86297.0,79993,0,ex4
left,forward,60,3,4,740.0,207.627,50.0,86347.0,80030,0,ex4
left,forward,60,3,5,740.0,207.627,50.0,86397.0,80067,0,ex4
left,forward,60,3,6,760.0,213.239,50.0,86447.0,80105,0,ex4
left,forward,60,3,7,740.0,207.627,50.0,86497.0,80142,0,ex4
left,forward,60,3,8,740.0,207.627,50.0,86547.0,80179,0,ex4
left,forward,60,3,9,760.0,213.239,50.0,86597.0,80217,0,ex4
left,forward,60,3,10,740.0,207.627,50.0,86647.0,80254,0,ex4
left,forward,60,3,11,760.0,213.239,50.0,86697.0,80292,0,ex4
left,forward,60,3,12,740.0,207.627,50.0,86747.0,80329,0,ex4
left,forward,60,3,13,760.0,213.239,50.0,86797.0,80367,0,ex4
left,forward,60,3,14,740.0,207.627,50.0,86847.0,80404,0,ex4
left,forward,60,3,15,740.0,207.627,50.0,86897.0,80441,0,ex4
left,forward,60,3,16,760.0,213.239,50.0,86947.0,80479,0,ex4
left,forward,60,3,17,740.0,207.627,50.0,86997.0,80516,0,ex4
left,forward,60,3,18,760.0,213.239,50.0,87047.0,80554,0,ex4
left,forward,60,3,19,740.0,207.627,50.0,87097.0,80591,0,ex4
left,forward,60,3,20,740.0,207.627,50.0,87147.0,80628,0,ex4
left,forward,60,4,1,760.0,213.239,50.0,125216.0,119733,0,ex4
left,forward,60,4,2,740.0,207.627,50.0,125266.0,119770,0,ex4
left,forward,60,4,3,760.0,213.239,50.0,125316.0,119808,0,ex4
left,forward,60,4,4,740.0,207.627,50.0,125366.0,119845,0,ex4
left,forward,60,4,5,760.0,213.239,50.0,125416.0,119883,0,ex4
left,forward,60,4,6,740.0,207.627,50.0,125466.0,119920,0,ex4
left,forward,60,4,7,760.0,213.239,50.0,125516.0,119958,0,ex4
left,forward,60,4,8,740.0,207.627,50.0,125566.0,119995,0,ex4
left,forward,60,4,9,760.0,213.239,50.0,125616.0,120033,0,ex4
left,forward,60,4,10,740.0,207.627,50.0,125666.0,120070,0,ex4
left,forward,60,4,11,760.0,213.239,50.0,125716.0,120108,0,ex4
left,forward,60,4,12,740.0,207.627,50.0,125766.0,120145,0,ex4
left,forward,60,4,13,760.0,213.239,50.0,125816.0,120183,0,ex4
left,forward,60,4,14,740.0,207.627,50.0,125866.0,120220,0,ex4
left,forward,60,4,15,760.0,213.239,50.0,125916.0,120258,0,ex4
left,forward,60,4,16,740.0,207.627,50.0,125966.0,120295,0,ex4
left,forward,60,4,17,760.0,213.239,50.0,126016.0,120333,0,ex4
left,forward,60,4,18,745.098,209.058,51.0,126067.0,120371,0,ex4
left,forward,60,4,19,740.0,207.627,50.0,126117.0,120408,0,ex4
left,forward,60,4,20,760.0,213.239,50.0,126167.0,120446,0,ex4
left,forward,60,5,1,760.0,213.239,50.0,164236.0,159600,0,ex4
left,forward,60,5,2,740.0,207.627,50.0,164286.0,159637,0,ex4
left,forward,60,5,3,760.0,213.239,50.0,164336.0,159675,0,ex4
left,forward,60,5,4,740.0,207.627,50.0,164386.0,159712,0,ex4
left,forward,60,5,5,760.0,213.239,50.0,164436.0,159750,0,ex4
left,forward,60,5,6,740.0,207.627,50.0,164486.0,159787,0,ex4
left,forward,60,5,7,760.0,213.239,50.0,164536.0,159825,0,ex4
left,forward,60,5,8,740.0,207.627,50.0,164586.0,159862,0,ex4
left,forward,60,5,9,760.0,213.239,50.0,164636.0,159900,0,ex4
left,forward,60,5,10,740.0,207.627,50.0,164686.0,159937,0,ex4
left,forward,60,5,11,760.0,213.239,50.0,164736.0,159975,0,ex4
left,forward,60,5,12,760.0,213.239,50.0,164786.0,160013,0,ex4
left,forward,60,5,13,740.0,207.627,50.0,164836.0,160050,0,ex4
left,forward,60,5,14,740.0,207.627,50.0,164886.0,160087,0,ex4
left,forward,60,5,15,760.0,213.239,50.0,164936.0,160125,0,ex4
left,forward,60,5,16,740.0,207.627,50.0,164986.0,160162,0,ex4
left,forward,60,5,17,760.0,213.239,50.0,165036.0,160200,0,ex4
left,forward,60,5,18,740.0,207.627,50.0,165086.0,160237,0,ex4
left,forward,60,5,19,760.0,213.239,50.0,165136.0,160275,0,ex4
left,forward,60,5,20,760.0,213.239,50.0,165186.0,160313,0,ex4
left,forward,70,1,1,900.0,252.52,50.0,10761.0,1649,0,ex4
left,forward,70,1,2,900.0,252.52,50.0,10811.0,1694,0,ex4
left,forward,70,1,3,900.0,252.52,50.0,10861.0,1739,0,ex4
left,forward,70,1,4,900.0,252.52,50.0,10911.0,1784,0,ex4
left,forward,70,1,5,900.0,252.52,50.0,10961.0,1829,0,ex4
left,forward,70,1,6,900.0,252.52,50.0,11011.0,1874,0,ex4
left,forward,70,1,7,900.0,252.52,50.0,11061.0,1919,0,ex4
left,forward,70,1,8,900.0,252.52,50.0,11111.0,1964,0,ex4
left,forward,70,1,9,900.0,252.52,50.0,11161.0,2009,0,ex4
left,forward,70,1,10,900.0,252.52,50.0,11211.0,2054,0,ex4
left,forward,70,1,11,900.0,252.52,50.0,11261.0,2099,0,ex4
left,forward,70,1,12,900.0,252.52,50.0,11311.0,2144,0,ex4
left,forward,70,1,13,900.0,252.52,50.0,11361.0,2189,0,ex4
left,forward,70,1,14,900.0,252.52,50.0,11411.0,2234,0,ex4
left,forward,70,1,15,900.0,252.52,50.0,11461.0,2279,0,ex4
left,forward,70,1,16,900.0,252.52,50.0,11511.0,2324,0,ex4
left,forward,70,1,17,900.0,252.52,50.0,11561.0,2369,0,ex4
left,forward,70,1,18,900.0,252.52,50.0,11611.0,2414,0,ex4
left,forward,70,1,19,880.0,246.908,50.0,11661.0,2458,0,ex4
left,forward,70,1,20,900.0,252.52,50.0,11711.0,2503,0,ex4
left,forward,70,2,1,900.0,252.52,50.0,49778.0,41394,0,ex4
left,forward,70,2,2,880.0,246.908,50.0,49828.0,41438,0,ex4
left,forward,70,2,3,880.0,246.908,50.0,49878.0,41482,0,ex4
left,forward,70,2,4,900.0,252.52,50.0,49928.0,41527,0,ex4
left,forward,70,2,5,880.0,246.908,50.0,49978.0,41571,0,ex4
left,forward,70,2,6,882.353,247.568,51.0,50029.0,41616,0,ex4
left,forward,70,2,7,900.0,252.52,50.0,50079.0,41661,0,ex4
left,forward,70,2,8,880.0,246.908,50.0,50129.0,41705,0,ex4
left,forward,70,2,9,880.0,246.908,50.0,50179.0,41749,0,ex4
left,forward,70,2,10,880.0,246.908,50.0,50229.0,41793,0,ex4
left,forward,70,2,11,900.0,252.52,50.0,50279.0,41838,0,ex4
left,forward,70,2,12,880.0,246.908,50.0,50329.0,41882,0,ex4
left,forward,70,2,13,880.0,246.908,50.0,50379.0,41926,0,ex4
left,forward,70,2,14,880.0,246.908,50.0,50429.0,41970,0,ex4
left,forward,70,2,15,900.0,252.52,50.0,50479.0,42015,0,ex4
left,forward,70,2,16,880.0,246.908,50.0,50529.0,42059,0,ex4
left,forward,70,2,17,880.0,246.908,50.0,50579.0,42103,0,ex4
left,forward,70,2,18,880.0,246.908,50.0,50629.0,42147,0,ex4
left,forward,70,2,19,900.0,252.52,50.0,50679.0,42192,0,ex4
left,forward,70,2,20,880.0,246.908,50.0,50729.0,42236,0,ex4
left,forward,70,3,1,880.0,246.908,50.0,88798.0,81143,0,ex4
left,forward,70,3,2,900.0,252.52,50.0,88848.0,81188,0,ex4
left,forward,70,3,3,880.0,246.908,50.0,88898.0,81232,0,ex4
left,forward,70,3,4,880.0,246.908,50.0,88948.0,81276,0,ex4
left,forward,70,3,5,900.0,252.52,50.0,88998.0,81321,0,ex4
left,forward,70,3,6,880.0,246.908,50.0,89048.0,81365,0,ex4
left,forward,70,3,7,900.0,252.52,50.0,89098.0,81410,0,ex4
left,forward,70,3,8,880.0,246.908,50.0,89148.0,81454,0,ex4
left,forward,70,3,9,900.0,252.52,50.0,89198.0,81499,0,ex4
left,forward,70,3,10,880.0,246.908,50.0,89248.0,81543,0,ex4
left,forward,70,3,11,880.0,246.908,50.0,89298.0,81587,0,ex4
left,forward,70,3,12,900.0,252.52,50.0,89348.0,81632,0,ex4
left,forward,70,3,13,880.0,246.908,50.0,89398.0,81676,0,ex4
left,forward,70,3,14,880.0,246.908,50.0,89448.0,81720,0,ex4
left,forward,70,3,15,900.0,252.52,50.0,89498.0,81765,0,ex4
left,forward,70,3,16,880.0,246.908,50.0,89548.0,81809,0,ex4
left,forward,70,3,17,900.0,252.52,50.0,89598.0,81854,0,ex4
left,forward,70,3,18,880.0,246.908,50.0,89648.0,81898,0,ex4
left,forward,70,3,19,900.0,252.52,50.0,89698.0,81943,0,ex4
left,forward,70,3,20,880.0,246.908,50.0,89748.0,81987,0,ex4
left,forward,70,4,1,880.0,246.908,50.0,127817.0,120979,0,ex4
left,forward,70,4,2,900.0,252.52,50.0,127867.0,121024,0,ex4
left,forward,70,4,3,880.0,246.908,50.0,127917.0,121068,0,ex4
left,forward,70,4,4,900.0,252.52,50.0,127967.0,121113,0,ex4
left,forward,70,4,5,880.0,246.908,50.0,128017.0,121157,0,ex4
left,forward,70,4,6,901.961,253.07,51.0,128068.0,121203,0,ex4
left,forward,70,4,7,880.0,246.908,50.0,128118.0,121247,0,ex4
left,forward,70,4,8,900.0,252.52,50.0,128168.0,121292,0,ex4
left,forward,70,4,9,880.0,246.908,50.0,128218.0,121336,0,ex4
left,forward,70,4,10,900.0,252.52,50.0,128268.0,121381,0,ex4
left,forward,70,4,11,880.0,246.908,50.0,128318.0,121425,0,ex4
left,forward,70,4,12,900.0,252.52,50.0,128368.0,121470,0,ex4
left,forward,70,4,13,880.0,246.908,50.0,128418.0,121514,0,ex4
left,forward,70,4,14,900.0,252.52,50.0,128468.0,121559,0,ex4
left,forward,70,4,15,880.0,246.908,50.0,128518.0,121603,0,ex4
left,forward,70,4,16,900.0,252.52,50.0,128568.0,121648,0,ex4
left,forward,70,4,17,880.0,246.908,50.0,128618.0,121692,0,ex4
left,forward,70,4,18,880.0,246.908,50.0,128668.0,121736,0,ex4
left,forward,70,4,19,900.0,252.52,50.0,128718.0,121781,0,ex4
left,forward,70,4,20,880.0,246.908,50.0,128768.0,121825,0,ex4
left,forward,70,5,1,900.0,252.52,50.0,166837.0,160835,0,ex4
left,forward,70,5,2,880.0,246.908,50.0,166887.0,160879,0,ex4
left,forward,70,5,3,900.0,252.52,50.0,166937.0,160924,0,ex4
left,forward,70,5,4,900.0,252.52,50.0,166987.0,160969,0,ex4
left,forward,70,5,5,880.0,246.908,50.0,167037.0,161013,0,ex4
left,forward,70,5,6,900.0,252.52,50.0,167087.0,161058,0,ex4
left,forward,70,5,7,880.0,246.908,50.0,167137.0,161102,0,ex4
left,forward,70,5,8,900.0,252.52,50.0,167187.0,161147,0,ex4
left,forward,70,5,9,880.0,246.908,50.0,167237.0,161191,0,ex4
left,forward,70,5,10,900.0,252.52,50.0,167287.0,161236,0,ex4
left,forward,70,5,11,880.0,246.908,50.0,167337.0,161280,0,ex4
left,forward,70,5,12,900.0,252.52,50.0,167387.0,161325,0,ex4
left,forward,70,5,13,880.0,246.908,50.0,167437.0,161369,0,ex4
left,forward,70,5,14,900.0,252.52,50.0,167487.0,161414,0,ex4
left,forward,70,5,15,880.0,246.908,50.0,167537.0,161458,0,ex4
left,forward,70,5,16,900.0,252.52,50.0,167587.0,161503,0,ex4
left,forward,70,5,17,880.0,246.908,50.0,167637.0,161547,0,ex4
left,forward,70,5,18,900.0,252.52,50.0,167687.0,161592,0,ex4
left,forward,70,5,19,900.0,252.52,50.0,167737.0,161637,0,ex4
left,forward,70,5,20,880.0,246.908,50.0,167787.0,161681,0,ex4
left,forward,80,1,1,1040.0,291.801,50.0,13361.0,3124,0,ex4
left,forward,80,1,2,1040.0,291.801,50.0,13411.0,3176,0,ex4
left,forward,80,1,3,1020.0,286.189,50.0,13461.0,3227,0,ex4
left,forward,80,1,4,1040.0,291.801,50.0,13511.0,3279,0,ex4
left,forward,80,1,5,1040.0,291.801,50.0,13561.0,3331,0,ex4
left,forward,80,1,6,1040.0,291.801,50.0,13611.0,3383,0,ex4
left,forward,80,1,7,1020.0,286.189,50.0,13661.0,3434,0,ex4
left,forward,80,1,8,1040.0,291.801,50.0,13711.0,3486,0,ex4
left,forward,80,1,9,1020.0,286.189,50.0,13761.0,3537,0,ex4
left,forward,80,1,10,1040.0,291.801,50.0,13811.0,3589,0,ex4
left,forward,80,1,11,1040.0,291.801,50.0,13861.0,3641,0,ex4
left,forward,80,1,12,1040.0,291.801,50.0,13911.0,3693,0,ex4
left,forward,80,1,13,1020.0,286.189,50.0,13961.0,3744,0,ex4
left,forward,80,1,14,1040.0,291.801,50.0,14011.0,3796,0,ex4
left,forward,80,1,15,1020.0,286.189,50.0,14061.0,3847,0,ex4
left,forward,80,1,16,1040.0,291.801,50.0,14111.0,3899,0,ex4
left,forward,80,1,17,1020.0,286.189,50.0,14161.0,3950,0,ex4
left,forward,80,1,18,1040.0,291.801,50.0,14211.0,4002,0,ex4
left,forward,80,1,19,1040.0,291.801,50.0,14261.0,4054,0,ex4
left,forward,80,1,20,1020.0,286.189,50.0,14311.0,4105,0,ex4
left,forward,80,2,1,1020.0,286.189,50.0,52380.0,42848,0,ex4
left,forward,80,2,2,1040.0,291.801,50.0,52430.0,42900,0,ex4
left,forward,80,2,3,1020.0,286.189,50.0,52480.0,42951,0,ex4
left,forward,80,2,4,1020.0,286.189,50.0,52530.0,43002,0,ex4
left,forward,80,2,5,1020.0,286.189,50.0,52580.0,43053,0,ex4
left,forward,80,2,6,1040.0,291.801,50.0,52630.0,43105,0,ex4
left,forward,80,2,7,1020.0,286.189,50.0,52680.0,43156,0,ex4
left,forward,80,2,8,1020.0,286.189,50.0,52730.0,43207,0,ex4
left,forward,80,2,9,1020.0,286.189,50.0,52780.0,43258,0,ex4
left,forward,80,2,10,1020.0,286.189,50.0,52830.0,43309,0,ex4
left,forward,80,2,11,1040.0,291.801,50.0,52880.0,43361,0,ex4
left,forward,80,2,12,1020.0,286.189,50.0,52930.0,43412,0,ex4
left,forward,80,2,13,1020.0,286.189,50.0,52980.0,43463,0,ex4
left,forward,80,2,14,1040.0,291.801,50.0,53030.0,43515,0,ex4
left,forward,80,2,15,1020.0,286.189,50.0,53080.0,43566,0,ex4
left,forward,80,2,16,1020.0,286.189,50.0,53130.0,43617,0,ex4
left,forward,80,2,17,1020.0,286.189,50.0,53180.0,43668,0,ex4
left,forward,80,2,18,1020.0,286.189,50.0,53230.0,43719,0,ex4
left,forward,80,2,19,1040.0,291.801,50.0,53280.0,43771,0,ex4
left,forward,80,2,20,1020.0,286.189,50.0,53330.0,43822,0,ex4
left,forward,80,3,1,1020.0,286.189,50.0,91399.0,82592,0,ex4
left,forward,80,3,2,1040.0,291.801,50.0,91449.0,82644,0,ex4
left,forward,80,3,3,1020.0,286.189,50.0,91499.0,82695,0,ex4
left,forward,80,3,4,1020.0,286.189,50.0,91549.0,82746,0,ex4
left,forward,80,3,5,1040.0,291.801,50.0,91599.0,82798,0,ex4
left,forward,80,3,6,1020.0,286.189,50.0,91649.0,82849,0,ex4
left,forward,80,3,7,1040.0,291.801,50.0,91699.0,82901,0,ex4
left,forward,80,3,8,1020.0,286.189,50.0,91749.0,82952,0,ex4
left,forward,80,3,9,1020.0,286.189,50.0,91799.0,83003,0,ex4
left,forward,80,3,10,1040.0,291.801,50.0,91849.0,83055,0,ex4
left,forward,80,3,11,1020.0,286.189,50.0,91899.0,83106,0,ex4
left,forward,80,3,12,1020.0,286.189,50.0,91949.0,83157,0,ex4
left,forward,80,3,13,1040.0,291.801,50.0,91999.0,83209,0,ex4
left,forward,80,3,14,1019.608,286.079,51.0,92050.0,83261,0,ex4
left,forward,80,3,15,1040.0,291.801,50.0,92100.0,83313,0,ex4
left,forward,80,3,16,1020.0,286.189,50.0,92150.0,83364,0,ex4
left,forward,80,3,17,1020.0,286.189,50.0,92200.0,83415,0,ex4
left,forward,80,3,18,1040.0,291.801,50.0,92250.0,83467,0,ex4
left,forward,80,3,19,1020.0,286.189,50.0,92300.0,83518,0,ex4
left,forward,80,3,20,1020.0,286.189,50.0,92350.0,83569,0,ex4
left,forward,80,4,1,1040.0,291.801,50.0,130419.0,122430,0,ex4
left,forward,80,4,2,1020.0,286.189,50.0,130469.0,122481,0,ex4
left,forward,80,4,3,1040.0,291.801,50.0,130519.0,122533,0,ex4
left,forward,80,4,4,1020.0,286.189,50.0,130569.0,122584,0,ex4
left,forward,80,4,5,1020.0,286.189,50.0,130619.0,122635,0,ex4
left,forward,80,4,6,1040.0,291.801,50.0,130669.0,122687,0,ex4
left,forward,80,4,7,1020.0,286.189,50.0,130719.0,122738,0,ex4
left,forward,80,4,8,1040.0,291.801,50.0,130769.0,122790,0,ex4
left,forward,80,4,9,1020.0,286.189,50.0,130819.0,122841,0,ex4
left,forward,80,4,10,1040.0,291.801,50.0,130869.0,122893,0,ex4
left,forward,80,4,11,1020.0,286.189,50.0,130919.0,122944,0,ex4
left,forward,80,4,12,1040.0,291.801,50.0,130969.0,122996,0,ex4
left,forward,80,4,13,1020.0,286.189,50.0,131019.0,123047,0,ex4
left,forward,80,4,14,1040.0,291.801,50.0,131069.0,123099,0,ex4
left,forward,80,4,15,1020.0,286.189,50.0,131119.0,123150,0,ex4
left,forward,80,4,16,1020.0,286.189,50.0,131169.0,123201,0,ex4
left,forward,80,4,17,1040.0,291.801,50.0,131219.0,123253,0,ex4
left,forward,80,4,18,1020.0,286.189,50.0,131269.0,123304,0,ex4
left,forward,80,4,19,1040.0,291.801,50.0,131319.0,123356,0,ex4
left,forward,80,4,20,1020.0,286.189,50.0,131369.0,123407,0,ex4
left,forward,80,5,1,1020.0,286.189,50.0,169438.0,162294,0,ex4
left,forward,80,5,2,1040.0,291.801,50.0,169488.0,162346,0,ex4
left,forward,80,5,3,1020.0,286.189,50.0,169538.0,162397,0,ex4
left,forward,80,5,4,1040.0,291.801,50.0,169588.0,162449,0,ex4
left,forward,80,5,5,1040.0,291.801,50.0,169638.0,162501,0,ex4
left,forward,80,5,6,1020.0,286.189,50.0,169688.0,162552,0,ex4
left,forward,80,5,7,1020.0,286.189,50.0,169738.0,162603,0,ex4
left,forward,80,5,8,1040.0,291.801,50.0,169788.0,162655,0,ex4
left,forward,80,5,9,1020.0,286.189,50.0,169838.0,162706,0,ex4
left,forward,80,5,10,1040.0,291.801,50.0,169888.0,162758,0,ex4
left,forward,80,5,11,1020.0,286.189,50.0,169938.0,162809,0,ex4
left,forward,80,5,12,1040.0,291.801,50.0,169988.0,162861,0,ex4
left,forward,80,5,13,1040.0,291.801,50.0,170038.0,162913,0,ex4
left,forward,80,5,14,1019.608,286.079,51.0,170089.0,162965,0,ex4
left,forward,80,5,15,1020.0,286.189,50.0,170139.0,163016,0,ex4
left,forward,80,5,16,1040.0,291.801,50.0,170189.0,163068,0,ex4
left,forward,80,5,17,1020.0,286.189,50.0,170239.0,163119,0,ex4
left,forward,80,5,18,1040.0,291.801,50.0,170289.0,163171,0,ex4
left,forward,80,5,19,1040.0,291.801,50.0,170339.0,163223,0,ex4
left,forward,80,5,20,1020.0,286.189,50.0,170389.0,163274,0,ex4
left,forward,90,1,1,1180.0,331.082,50.0,15961.0,4810,0,ex4
left,forward,90,1,2,1176.471,330.091,51.0,16012.0,4870,0,ex4
left,forward,90,1,3,1140.0,319.858,50.0,16062.0,4927,0,ex4
left,forward,90,1,4,1180.0,331.082,50.0,16112.0,4986,0,ex4
left,forward,90,1,5,1160.0,325.47,50.0,16162.0,5044,0,ex4
left,forward,90,1,6,1180.0,331.082,50.0,16212.0,5103,0,ex4
left,forward,90,1,7,1160.0,325.47,50.0,16262.0,5161,0,ex4
left,forward,90,1,8,1160.0,325.47,50.0,16312.0,5219,0,ex4
left,forward,90,1,9,1180.0,331.082,50.0,16362.0,5278,0,ex4
left,forward,90,1,10,1160.0,325.47,50.0,16412.0,5336,0,ex4
left,forward,90,1,11,1180.0,331.082,50.0,16462.0,5395,0,ex4
left,forward,90,1,12,1160.0,325.47,50.0,16512.0,5453,0,ex4
left,forward,90,1,13,1160.0,325.47,50.0,16562.0,5511,0,ex4
left,forward,90,1,14,1180.0,331.082,50.0,16612.0,5570,0,ex4
left,forward,90,1,15,1160.0,325.47,50.0,16662.0,5628,0,ex4
left,forward,90,1,16,1160.0,325.47,50.0,16712.0,5686,0,ex4
left,forward,90,1,17,1180.0,331.082,50.0,16762.0,5745,0,ex4
left,forward,90,1,18,1160.0,325.47,50.0,16812.0,5803,0,ex4
left,forward,90,1,19,1160.0,325.47,50.0,16862.0,5861,0,ex4
left,forward,90,1,20,1180.0,331.082,50.0,16912.0,5920,0,ex4
left,forward,90,2,1,1180.0,331.082,50.0,54981.0,44523,0,ex4
left,forward,90,2,2,1160.0,325.47,50.0,55031.0,44581,0,ex4
left,forward,90,2,3,1160.0,325.47,50.0,55081.0,44639,0,ex4
left,forward,90,2,4,1160.0,325.47,50.0,55131.0,44697,0,ex4
left,forward,90,2,5,1180.0,331.082,50.0,55181.0,44756,0,ex4
left,forward,90,2,6,1160.0,325.47,50.0,55231.0,44814,0,ex4
left,forward,90,2,7,1160.0,325.47,50.0,55281.0,44872,0,ex4
left,forward,90,2,8,1180.0,331.082,50.0,55331.0,44931,0,ex4
left,forward,90,2,9,1160.0,325.47,50.0,55381.0,44989,0,ex4
left,forward,90,2,10,1160.0,325.47,50.0,55431.0,45047,0,ex4
left,forward,90,2,11,1160.0,325.47,50.0,55481.0,45105,0,ex4
left,forward,90,2,12,1180.0,331.082,50.0,55531.0,45164,0,ex4
left,forward,90,2,13,1160.0,325.47,50.0,55581.0,45222,0,ex4
left,forward,90,2,14,1160.0,325.47,50.0,55631.0,45280,0,ex4
left,forward,90,2,15,1180.0,331.082,50.0,55681.0,45339,0,ex4
left,forward,90,2,16,1160.0,325.47,50.0,55731.0,45397,0,ex4
left,forward,90,2,17,1160.0,325.47,50.0,55781.0,45455,0,ex4
left,forward,90,2,18,1160.0,325.47,50.0,55831.0,45513,0,ex4
left,forward,90,2,19,1180.0,331.082,50.0,55881.0,45572,0,ex4
left,forward,90,2,20,1160.0,325.47,50.0,55931.0,45630,0,ex4
left,forward,90,3,1,1180.0,331.082,50.0,94000.0,84279,0,ex4
left,forward,90,3,2,1156.863,324.59,51.0,94051.0,84338,0,ex4
left,forward,90,3,3,1180.0,331.082,50.0,94101.0,84397,0,ex4
left,forward,90,3,4,1160.0,325.47,50.0,94151.0,84455,0,ex4
left,forward,90,3,5,1160.0,325.47,50.0,94201.0,84513,0,ex4
left,forward,90,3,6,1180.0,331.082,50.0,94251.0,84572,0,ex4
left,forward,90,3,7,1160.0,325.47,50.0,94301.0,84630,0,ex4
left,forward,90,3,8,1180.0,331.082,50.0,94351.0,84689,0,ex4
left,forward,90,3,9,1160.0,325.47,50.0,94401.0,84747,0,ex4
left,forward,90,3,10,1160.0,325.47,50.0,94451.0,84805,0,ex4
left,forward,90,3,11,1180.0,331.082,50.0,94501.0,84864,0,ex4
left,forward,90,3,12,1160.0,325.47,50.0,94551.0,84922,0,ex4
left,forward,90,3,13,1180.0,331.082,50.0,94601.0,84981,0,ex4
left,forward,90,3,14,1160.0,325.47,50.0,94651.0,85039,0,ex4
left,forward,90,3,15,1160.0,325.47,50.0,94701.0,85097,0,ex4
left,forward,90,3,16,1180.0,331.082,50.0,94751.0,85156,0,ex4
left,forward,90,3,17,1160.0,325.47,50.0,94801.0,85214,0,ex4
left,forward,90,3,18,1180.0,331.082,50.0,94851.0,85273,0,ex4
left,forward,90,3,19,1160.0,325.47,50.0,94901.0,85331,0,ex4
left,forward,90,3,20,1160.0,325.47,50.0,94951.0,85389,0,ex4
left,forward,90,4,1,1160.0,325.47,50.0,133020.0,124112,0,ex4
left,forward,90,4,2,1180.0,331.082,50.0,133070.0,124171,0,ex4
left,forward,90,4,3,1160.0,325.47,50.0,133120.0,124229,0,ex4
left,forward,90,4,4,1160.0,325.47,50.0,133170.0,124287,0,ex4
left,forward,90,4,5,1200.0,336.693,50.0,133220.0,124347,0,ex4
left,forward,90,4,6,1160.0,325.47,50.0,133270.0,124405,0,ex4
left,forward,90,4,7,1160.0,325.47,50.0,133320.0,124463,0,ex4
left,forward,90,4,8,1180.0,331.082,50.0,133370.0,124522,0,ex4
left,forward,90,4,9,1160.0,325.47,50.0,133420.0,124580,0,ex4
left,forward,90,4,10,1180.0,331.082,50.0,133470.0,124639,0,ex4
left,forward,90,4,11,1160.0,325.47,50.0,133520.0,124697,0,ex4
left,forward,90,4,12,1180.0,331.082,50.0,133570.0,124756,0,ex4
left,forward,90,4,13,1160.0,325.47,50.0,133620.0,124814,0,ex4
left,forward,90,4,14,1180.0,331.082,50.0,133670.0,124873,0,ex4
left,forward,90,4,15,1160.0,325.47,50.0,133720.0,124931,0,ex4
left,forward,90,4,16,1160.0,325.47,50.0,133770.0,124989,0,ex4
left,forward,90,4,17,1180.0,331.082,50.0,133820.0,125048,0,ex4
left,forward,90,4,18,1180.0,331.082,50.0,133870.0,125107,0,ex4
left,forward,90,4,19,1160.0,325.47,50.0,133920.0,125165,0,ex4
left,forward,90,4,20,1180.0,331.082,50.0,133970.0,125224,0,ex4
left,forward,90,5,1,1180.0,331.082,50.0,172039.0,163991,0,ex4
left,forward,90,5,2,1176.471,330.091,51.0,172090.0,164051,0,ex4
left,forward,90,5,3,1160.0,325.47,50.0,172140.0,164109,0,ex4
left,forward,90,5,4,1180.0,331.082,50.0,172190.0,164168,0,ex4
left,forward,90,5,5,1160.0,325.47,50.0,172240.0,164226,0,ex4
left,forward,90,5,6,1180.0,331.082,50.0,172290.0,164285,0,ex4
left,forward,90,5,7,1160.0,325.47,50.0,172340.0,164343,0,ex4
left,forward,90,5,8,1180.0,331.082,50.0,172390.0,164402,0,ex4
left,forward,90,5,9,1180.0,331.082,50.0,172440.0,164461,0,ex4
left,forward,90,5,10,1160.0,325.47,50.0,172490.0,164519,0,ex4
left,forward,90,5,11,1180.0,331.082,50.0,172540.0,164578,0,ex4
left,forward,90,5,12,1160.0,325.47,50.0,172590.0,164636,0,ex4
left,forward,90,5,13,1180.0,331.082,50.0,172640.0,164695,0,ex4
left,forward,90,5,14,1160.0,325.47,50.0,172690.0,164753,0,ex4
left,forward,90,5,15,1180.0,331.082,50.0,172740.0,164812,0,ex4
left,forward,90,5,16,1160.0,325.47,50.0,172790.0,164870,0,ex4
left,forward,90,5,17,1180.0,331.082,50.0,172840.0,164929,0,ex4
left,forward,90,5,18,1160.0,325.47,50.0,172890.0,164987,0,ex4
left,forward,90,5,19,1180.0,331.082,50.0,172940.0,165046,0,ex4
left,forward,90,5,20,1160.0,325.47,50.0,172990.0,165104,0,ex4
left,forward,100,1,1,1340.0,375.974,50.0,127967.0,649,0,ex5_testGain
left,forward,100,1,2,1314.815,368.908,54.0,128021.0,720,0,ex5_testGain
left,forward,100,1,3,1340.0,375.974,50.0,128071.0,787,0,ex5_testGain
left,forward,100,1,4,1320.0,370.362,50.0,128121.0,853,0,ex5_testGain
left,forward,100,1,5,1340.0,375.974,50.0,128171.0,920,0,ex5_testGain
left,forward,100,1,6,1320.0,370.362,50.0,128221.0,986,0,ex5_testGain
left,forward,100,1,7,1340.0,375.974,50.0,128271.0,1053,0,ex5_testGain
left,forward,100,1,8,1320.0,370.362,50.0,128321.0,1119,0,ex5_testGain
left,forward,100,1,9,1340.0,375.974,50.0,128371.0,1186,0,ex5_testGain
left,forward,100,1,10,1320.0,370.362,50.0,128421.0,1252,0,ex5_testGain
left,forward,100,1,11,1320.0,370.362,50.0,128471.0,1318,0,ex5_testGain
left,forward,100,1,12,1340.0,375.974,50.0,128521.0,1385,0,ex5_testGain
left,forward,100,1,13,1340.0,375.974,50.0,128571.0,1452,0,ex5_testGain
left,forward,100,1,14,1320.0,370.362,50.0,128621.0,1518,0,ex5_testGain
left,forward,100,1,15,1340.0,375.974,50.0,128671.0,1585,0,ex5_testGain
left,forward,100,1,16,1320.0,370.362,50.0,128721.0,1651,0,ex5_testGain
left,forward,100,1,17,1320.0,370.362,50.0,128771.0,1717,0,ex5_testGain
left,forward,100,1,18,1340.0,375.974,50.0,128821.0,1784,0,ex5_testGain
left,forward,100,1,19,1320.0,370.362,50.0,128871.0,1850,0,ex5_testGain
left,forward,100,1,20,1340.0,375.974,50.0,128921.0,1917,0,ex5_testGain
left,forward,100,2,1,1320.0,370.362,50.0,133171.0,6182,0,ex5_testGain
left,forward,100,2,2,1320.0,370.362,50.0,133221.0,6248,0,ex5_testGain
left,forward,100,2,3,1320.0,370.362,50.0,133271.0,6314,0,ex5_testGain
left,forward,100,2,4,1320.0,370.362,50.0,133321.0,6380,0,ex5_testGain
left,forward,100,2,5,1320.0,370.362,50.0,133371.0,6446,0,ex5_testGain
left,forward,100,2,6,1320.0,370.362,50.0,133421.0,6512,0,ex5_testGain
left,forward,100,2,7,1320.0,370.362,50.0,133471.0,6578,0,ex5_testGain
left,forward,100,2,8,1320.0,370.362,50.0,133521.0,6644,0,ex5_testGain
left,forward,100,2,9,1320.0,370.362,50.0,133571.0,6710,0,ex5_testGain
left,forward,100,2,10,1320.0,370.362,50.0,133621.0,6776,0,ex5_testGain
left,forward,100,2,11,1320.0,370.362,50.0,133671.0,6842,0,ex5_testGain
left,forward,100,2,12,1320.0,370.362,50.0,133721.0,6908,0,ex5_testGain
left,forward,100,2,13,1300.0,364.751,50.0,133771.0,6973,0,ex5_testGain
left,forward,100,2,14,1340.0,375.974,50.0,133821.0,7040,0,ex5_testGain
left,forward,100,2,15,1300.0,364.751,50.0,133871.0,7105,0,ex5_testGain
left,forward,100,2,16,1320.0,370.362,50.0,133921.0,7171,0,ex5_testGain
left,forward,100,2,17,1320.0,370.362,50.0,133971.0,7237,0,ex5_testGain
left,forward,100,2,18,1320.0,370.362,50.0,134021.0,7303,0,ex5_testGain
left,forward,100,2,19,1340.0,375.974,50.0,134071.0,7370,0,ex5_testGain
left,forward,100,2,20,1300.0,364.751,50.0,134121.0,7435,0,ex5_testGain
left,forward,100,3,1,1320.0,370.362,50.0,138373.0,11688,0,ex5_testGain
left,forward,100,3,2,1300.0,364.751,50.0,138423.0,11753,0,ex5_testGain
left,forward,100,3,3,1320.0,370.362,50.0,138473.0,11819,0,ex5_testGain
left,forward,100,3,4,1320.0,370.362,50.0,138523.0,11885,0,ex5_testGain
left,forward,100,3,5,1320.0,370.362,50.0,138573.0,11951,0,ex5_testGain
left,forward,100,3,6,1300.0,364.751,50.0,138623.0,12016,0,ex5_testGain
left,forward,100,3,7,1320.0,370.362,50.0,138673.0,12082,0,ex5_testGain
left,forward,100,3,8,1320.0,370.362,50.0,138723.0,12148,0,ex5_testGain
left,forward,100,3,9,1320.0,370.362,50.0,138773.0,12214,0,ex5_testGain
left,forward,100,3,10,1320.0,370.362,50.0,138823.0,12280,0,ex5_testGain
left,forward,100,3,11,1300.0,364.751,50.0,138873.0,12345,0,ex5_testGain
left,forward,100,3,12,1340.0,375.974,50.0,138923.0,12412,0,ex5_testGain
left,forward,100,3,13,1300.0,364.751,50.0,138973.0,12477,0,ex5_testGain
left,forward,100,3,14,1320.0,370.362,50.0,139023.0,12543,0,ex5_testGain
left,forward,100,3,15,1300.0,364.751,50.0,139073.0,12608,0,ex5_testGain
left,forward,100,3,16,1340.0,375.974,50.0,139123.0,12675,0,ex5_testGain
left,forward,100,3,17,1300.0,364.751,50.0,139173.0,12740,0,ex5_testGain
left,forward,100,3,18,1320.0,370.362,50.0,139223.0,12806,0,ex5_testGain
left,forward,100,3,19,1320.0,370.362,50.0,139273.0,12872,0,ex5_testGain
left,forward,100,3,20,1300.0,364.751,50.0,139323.0,12937,0,ex5_testGain
left,forward,100,4,1,1320.0,370.362,50.0,143575.0,17200,0,ex5_testGain
left,forward,100,4,2,1320.0,370.362,50.0,143625.0,17266,0,ex5_testGain
left,forward,100,4,3,1320.0,370.362,50.0,143675.0,17332,0,ex5_testGain
left,forward,100,4,4,1320.0,370.362,50.0,143725.0,17398,0,ex5_testGain
left,forward,100,4,5,1320.0,370.362,50.0,143775.0,17464,0,ex5_testGain
left,forward,100,4,6,1300.0,364.751,50.0,143825.0,17529,0,ex5_testGain
left,forward,100,4,7,1320.0,370.362,50.0,143875.0,17595,0,ex5_testGain
left,forward,100,4,8,1320.0,370.362,50.0,143925.0,17661,0,ex5_testGain
left,forward,100,4,9,1320.0,370.362,50.0,143975.0,17727,0,ex5_testGain
left,forward,100,4,10,1320.0,370.362,50.0,144025.0,17793,0,ex5_testGain
left,forward,100,4,11,1313.725,368.602,51.0,144076.0,17860,0,ex5_testGain
left,forward,100,4,12,1320.0,370.362,50.0,144126.0,17926,0,ex5_testGain
left,forward,100,4,13,1320.0,370.362,50.0,144176.0,17992,0,ex5_testGain
left,forward,100,4,14,1300.0,364.751,50.0,144226.0,18057,0,ex5_testGain
left,forward,100,4,15,1320.0,370.362,50.0,144276.0,18123,0,ex5_testGain
left,forward,100,4,16,1320.0,370.362,50.0,144326.0,18189,0,ex5_testGain
left,forward,100,4,17,1320.0,370.362,50.0,144376.0,18255,0,ex5_testGain
left,forward,100,4,18,1320.0,370.362,50.0,144426.0,18321,0,ex5_testGain
left,forward,100,4,19,1300.0,364.751,50.0,144476.0,18386,0,ex5_testGain
left,forward,100,4,20,1320.0,370.362,50.0,144526.0,18452,0,ex5_testGain
left,forward,100,5,1,1320.0,370.362,50.0,148778.0,22710,0,ex5_testGain
left,forward,100,5,2,1320.0,370.362,50.0,148828.0,22776,0,ex5_testGain
left,forward,100,5,3,1320.0,370.362,50.0,148878.0,22842,0,ex5_testGain
left,forward,100,5,4,1320.0,370.362,50.0,148928.0,22908,0,ex5_testGain
left,forward,100,5,5,1320.0,370.362,50.0,148978.0,22974,0,ex5_testGain
left,forward,100,5,6,1320.0,370.362,50.0,149028.0,23040,0,ex5_testGain
left,forward,100,5,7,1320.0,370.362,50.0,149078.0,23106,0,ex5_testGain
left,forward,100,5,8,1320.0,370.362,50.0,149128.0,23172,0,ex5_testGain
left,forward,100,5,9,1300.0,364.751,50.0,149178.0,23237,0,ex5_testGain
left,forward,100,5,10,1320.0,370.362,50.0,149228.0,23303,0,ex5_testGain
left,forward,100,5,11,1320.0,370.362,50.0,149278.0,23369,0,ex5_testGain
left,forward,100,5,12,1320.0,370.362,50.0,149328.0,23435,0,ex5_testGain
left,forward,100,5,13,1320.0,370.362,50.0,149378.0,23501,0,ex5_testGain
left,forward,100,5,14,1320.0,370.362,50.0,149428.0,23567,0,ex5_testGain
left,forward,100,5,15,1320.0,370.362,50.0,149478.0,23633,0,ex5_testGain
left,forward,100,5,16,1300.0,364.751,50.0,149528.0,23698,0,ex5_testGain
left,forward,100,5,17,1320.0,370.362,50.0,149578.0,23764,0,ex5_testGain
left,forward,100,5,18,1320.0,370.362,50.0,149628.0,23830,0,ex5_testGain
left,forward,100,5,19,1320.0,370.362,50.0,149678.0,23896,0,ex5_testGain
left,forward,100,5,20,1320.0,370.362,50.0,149728.0,23962,0,ex5_testGain
left,forward,110,1,1,1440.0,404.032,50.0,21164.0,8830,0,ex4
left,forward,110,1,2,1460.0,409.643,50.0,21214.0,8903,0,ex4
left,forward,110,1,3,1440.0,404.032,50.0,21264.0,8975,0,ex4
left,forward,110,1,4,1440.0,404.032,50.0,21314.0,9047,0,ex4
left,forward,110,1,5,1440.0,404.032,50.0,21364.0,9119,0,ex4
left,forward,110,1,6,1460.0,409.643,50.0,21414.0,9192,0,ex4
left,forward,110,1,7,1440.0,404.032,50.0,21464.0,9264,0,ex4
left,forward,110,1,8,1440.0,404.032,50.0,21514.0,9336,0,ex4
left,forward,110,1,9,1440.0,404.032,50.0,21564.0,9408,0,ex4
left,forward,110,1,10,1460.0,409.643,50.0,21614.0,9481,0,ex4
left,forward,110,1,11,1440.0,404.032,50.0,21664.0,9553,0,ex4
left,forward,110,1,12,1440.0,404.032,50.0,21714.0,9625,0,ex4
left,forward,110,1,13,1440.0,404.032,50.0,21764.0,9697,0,ex4
left,forward,110,1,14,1460.0,409.643,50.0,21814.0,9770,0,ex4
left,forward,110,1,15,1440.0,404.032,50.0,21864.0,9842,0,ex4
left,forward,110,1,16,1460.0,409.643,50.0,21914.0,9915,0,ex4
left,forward,110,1,17,1420.0,398.42,50.0,21964.0,9986,0,ex4
left,forward,110,1,18,1470.588,412.614,51.0,22015.0,10061,0,ex4
left,forward,110,1,19,1440.0,404.032,50.0,22065.0,10133,0,ex4
left,forward,110,1,20,1440.0,404.032,50.0,22115.0,10205,0,ex4
left,forward,110,2,1,1460.0,409.643,50.0,60184.0,48541,0,ex4
left,forward,110,2,2,1440.0,404.032,50.0,60234.0,48613,0,ex4
left,forward,110,2,3,1440.0,404.032,50.0,60284.0,48685,0,ex4
left,forward,110,2,4,1440.0,404.032,50.0,60334.0,48757,0,ex4
left,forward,110,2,5,1460.0,409.643,50.0,60384.0,48830,0,ex4
left,forward,110,2,6,1440.0,404.032,50.0,60434.0,48902,0,ex4
left,forward,110,2,7,1440.0,404.032,50.0,60484.0,48974,0,ex4
left,forward,110,2,8,1460.0,409.643,50.0,60534.0,49047,0,ex4
left,forward,110,2,9,1440.0,404.032,50.0,60584.0,49119,0,ex4
left,forward,110,2,10,1440.0,404.032,50.0,60634.0,49191,0,ex4
left,forward,110,2,11,1460.0,409.643,50.0,60684.0,49264,0,ex4
left,forward,110,2,12,1440.0,404.032,50.0,60734.0,49336,0,ex4
left,forward,110,2,13,1460.0,409.643,50.0,60784.0,49409,0,ex4
left,forward,110,2,14,1440.0,404.032,50.0,60834.0,49481,0,ex4
left,forward,110,2,15,1440.0,404.032,50.0,60884.0,49553,0,ex4
left,forward,110,2,16,1460.0,409.643,50.0,60934.0,49626,0,ex4
left,forward,110,2,17,1440.0,404.032,50.0,60984.0,49698,0,ex4
left,forward,110,2,18,1440.0,404.032,50.0,61034.0,49770,0,ex4
left,forward,110,2,19,1440.0,404.032,50.0,61084.0,49842,0,ex4
left,forward,110,2,20,1460.0,409.643,50.0,61134.0,49915,0,ex4
left,forward,110,3,1,1440.0,404.032,50.0,99203.0,88309,0,ex4
left,forward,110,3,2,1440.0,404.032,50.0,99253.0,88381,0,ex4
left,forward,110,3,3,1460.0,409.643,50.0,99303.0,88454,0,ex4
left,forward,110,3,4,1440.0,404.032,50.0,99353.0,88526,0,ex4
left,forward,110,3,5,1460.0,409.643,50.0,99403.0,88599,0,ex4
left,forward,110,3,6,1440.0,404.032,50.0,99453.0,88671,0,ex4
left,forward,110,3,7,1460.0,409.643,50.0,99503.0,88744,0,ex4
left,forward,110,3,8,1440.0,404.032,50.0,99553.0,88816,0,ex4
left,forward,110,3,9,1460.0,409.643,50.0,99603.0,88889,0,ex4
left,forward,110,3,10,1440.0,404.032,50.0,99653.0,88961,0,ex4
left,forward,110,3,11,1460.0,409.643,50.0,99703.0,89034,0,ex4
left,forward,110,3,12,1440.0,404.032,50.0,99753.0,89106,0,ex4
left,forward,110,3,13,1460.0,409.643,50.0,99803.0,89179,0,ex4
left,forward,110,3,14,1440.0,404.032,50.0,99853.0,89251,0,ex4
left,forward,110,3,15,1460.0,409.643,50.0,99903.0,89324,0,ex4
left,forward,110,3,16,1440.0,404.032,50.0,99953.0,89396,0,ex4
left,forward,110,3,17,1460.0,409.643,50.0,100003.0,89469,0,ex4
left,forward,110,3,18,1450.98,407.113,51.0,100054.0,89543,0,ex4
left,forward,110,3,19,1440.0,404.032,50.0,100104.0,89615,0,ex4
left,forward,110,3,20,1440.0,404.032,50.0,100154.0,89687,0,ex4
left,forward,110,4,1,1440.0,404.032,50.0,138223.0,128135,0,ex4
left,forward,110,4,2,1460.0,409.643,50.0,138273.0,128208,0,ex4
left,forward,110,4,3,1460.0,409.643,50.0,138323.0,128281,0,ex4
left,forward,110,4,4,1440.0,404.032,50.0,138373.0,128353,0,ex4
left,forward,110,4,5,1460.0,409.643,50.0,138423.0,128426,0,ex4
left,forward,110,4,6,1440.0,404.032,50.0,138473.0,128498,0,ex4
left,forward,110,4,7,1460.0,409.643,50.0,138523.0,128571,0,ex4
left,forward,110,4,8,1440.0,404.032,50.0,138573.0,128643,0,ex4
left,forward,110,4,9,1460.0,409.643,50.0,138623.0,128716,0,ex4
left,forward,110,4,10,1460.0,409.643,50.0,138673.0,128789,0,ex4
left,forward,110,4,11,1440.0,404.032,50.0,138723.0,128861,0,ex4
left,forward,110,4,12,1460.0,409.643,50.0,138773.0,128934,0,ex4
left,forward,110,4,13,1440.0,404.032,50.0,138823.0,129006,0,ex4
left,forward,110,4,14,1460.0,409.643,50.0,138873.0,129079,0,ex4
left,forward,110,4,15,1440.0,404.032,50.0,138923.0,129151,0,ex4
left,forward,110,4,16,1460.0,409.643,50.0,138973.0,129224,0,ex4
left,forward,110,4,17,1440.0,404.032,50.0,139023.0,129296,0,ex4
left,forward,110,4,18,1460.0,409.643,50.0,139073.0,129369,0,ex4
left,forward,110,4,19,1460.0,409.643,50.0,139123.0,129442,0,ex4
left,forward,110,4,20,1440.0,404.032,50.0,139173.0,129514,0,ex4
left,forward,110,5,1,1460.0,409.643,50.0,177242.0,168029,0,ex4
left,forward,110,5,2,1440.0,404.032,50.0,177292.0,168101,0,ex4
left,forward,110,5,3,1460.0,409.643,50.0,177342.0,168174,0,ex4
left,forward,110,5,4,1460.0,409.643,50.0,177392.0,168247,0,ex4
left,forward,110,5,5,1440.0,404.032,50.0,177442.0,168319,0,ex4
left,forward,110,5,6,1460.0,409.643,50.0,177492.0,168392,0,ex4
left,forward,110,5,7,1460.0,409.643,50.0,177542.0,168465,0,ex4
left,forward,110,5,8,1440.0,404.032,50.0,177592.0,168537,0,ex4
left,forward,110,5,9,1460.0,409.643,50.0,177642.0,168610,0,ex4
left,forward,110,5,10,1440.0,404.032,50.0,177692.0,168682,0,ex4
left,forward,110,5,11,1460.0,409.643,50.0,177742.0,168755,0,ex4
left,forward,110,5,12,1440.0,404.032,50.0,177792.0,168827,0,ex4
left,forward,110,5,13,1460.0,409.643,50.0,177842.0,168900,0,ex4
left,forward,110,5,14,1460.0,409.643,50.0,177892.0,168973,0,ex4
left,forward,110,5,15,1440.0,404.032,50.0,177942.0,169045,0,ex4
left,forward,110,5,16,1460.0,409.643,50.0,177992.0,169118,0,ex4
left,forward,110,5,17,1460.0,409.643,50.0,178042.0,169191,0,ex4
left,forward,110,5,18,1450.98,407.113,51.0,178093.0,169265,0,ex4
left,forward,110,5,19,1440.0,404.032,50.0,178143.0,169337,0,ex4
left,forward,110,5,20,1460.0,409.643,50.0,178193.0,169410,0,ex4
left,forward,120,1,1,1580.0,443.313,50.0,23765.0,11173,0,ex4
left,forward,120,1,2,1580.0,443.313,50.0,23815.0,11252,0,ex4
left,forward,120,1,3,1600.0,448.924,50.0,23865.0,11332,0,ex4
left,forward,120,1,4,1580.0,443.313,50.0,23915.0,11411,0,ex4
left,forward,120,1,5,1580.0,443.313,50.0,23965.0,11490,0,ex4
left,forward,120,1,6,1588.235,445.623,51.0,24016.0,11571,0,ex4
left,forward,120,1,7,1600.0,448.924,50.0,24066.0,11651,0,ex4
left,forward,120,1,8,1580.0,443.313,50.0,24116.0,11730,0,ex4
left,forward,120,1,9,1580.0,443.313,50.0,24166.0,11809,0,ex4
left,forward,120,1,10,1580.0,443.313,50.0,24216.0,11888,0,ex4
left,forward,120,1,11,1600.0,448.924,50.0,24266.0,11968,0,ex4
left,forward,120,1,12,1580.0,443.313,50.0,24316.0,12047,0,ex4
left,forward,120,1,13,1580.0,443.313,50.0,24366.0,12126,0,ex4
left,forward,120,1,14,1580.0,443.313,50.0,24416.0,12205,0,ex4
left,forward,120,1,15,1600.0,448.924,50.0,24466.0,12285,0,ex4
left,forward,120,1,16,1580.0,443.313,50.0,24516.0,12364,0,ex4
left,forward,120,1,17,1580.0,443.313,50.0,24566.0,12443,0,ex4
left,forward,120,1,18,1580.0,443.313,50.0,24616.0,12522,0,ex4
left,forward,120,1,19,1600.0,448.924,50.0,24666.0,12602,0,ex4
left,forward,120,1,20,1580.0,443.313,50.0,24716.0,12681,0,ex4
left,forward,120,2,1,1600.0,448.924,50.0,62785.0,50886,0,ex4
left,forward,120,2,2,1580.0,443.313,50.0,62835.0,50965,0,ex4
left,forward,120,2,3,1600.0,448.924,50.0,62885.0,51045,0,ex4
left,forward,120,2,4,1580.0,443.313,50.0,62935.0,51124,0,ex4
left,forward,120,2,5,1600.0,448.924,50.0,62985.0,51204,0,ex4
left,forward,120,2,6,1580.0,443.313,50.0,63035.0,51283,0,ex4
left,forward,120,2,7,1600.0,448.924,50.0,63085.0,51363,0,ex4
left,forward,120,2,8,1580.0,443.313,50.0,63135.0,51442,0,ex4
left,forward,120,2,9,1600.0,448.924,50.0,63185.0,51522,0,ex4
left,forward,120,2,10,1580.0,443.313,50.0,63235.0,51601,0,ex4
left,forward,120,2,11,1600.0,448.924,50.0,63285.0,51681,0,ex4
left,forward,120,2,12,1580.0,443.313,50.0,63335.0,51760,0,ex4
left,forward,120,2,13,1600.0,448.924,50.0,63385.0,51840,0,ex4
left,forward,120,2,14,1580.0,443.313,50.0,63435.0,51919,0,ex4
left,forward,120,2,15,1600.0,448.924,50.0,63485.0,51999,0,ex4
left,forward,120,2,16,1580.0,443.313,50.0,63535.0,52078,0,ex4
left,forward,120,2,17,1580.0,443.313,50.0,63585.0,52157,0,ex4
left,forward,120,2,18,1600.0,448.924,50.0,63635.0,52237,0,ex4
left,forward,120,2,19,1580.0,443.313,50.0,63685.0,52316,0,ex4
left,forward,120,2,20,1600.0,448.924,50.0,63735.0,52396,0,ex4
left,forward,120,3,1,1580.0,443.313,50.0,101804.0,90670,0,ex4
left,forward,120,3,2,1600.0,448.924,50.0,101854.0,90750,0,ex4
left,forward,120,3,3,1580.0,443.313,50.0,101904.0,90829,0,ex4
left,forward,120,3,4,1600.0,448.924,50.0,101954.0,90909,0,ex4
left,forward,120,3,5,1580.0,443.313,50.0,102004.0,90988,0,ex4
left,forward,120,3,6,1607.843,451.125,51.0,102055.0,91070,0,ex4
left,forward,120,3,7,1580.0,443.313,50.0,102105.0,91149,0,ex4
left,forward,120,3,8,1580.0,443.313,50.0,102155.0,91228,0,ex4
left,forward,120,3,9,1600.0,448.924,50.0,102205.0,91308,0,ex4
left,forward,120,3,10,1580.0,443.313,50.0,102255.0,91387,0,ex4
left,forward,120,3,11,1600.0,448.924,50.0,102305.0,91467,0,ex4
left,forward,120,3,12,1580.0,443.313,50.0,102355.0,91546,0,ex4
left,forward,120,3,13,1600.0,448.924,50.0,102405.0,91626,0,ex4
left,forward,120,3,14,1580.0,443.313,50.0,102455.0,91705,0,ex4
left,forward,120,3,15,1600.0,448.924,50.0,102505.0,91785,0,ex4
left,forward,120,3,16,1580.0,443.313,50.0,102555.0,91864,0,ex4
left,forward,120,3,17,1600.0,448.924,50.0,102605.0,91944,0,ex4
left,forward,120,3,18,1580.0,443.313,50.0,102655.0,92023,0,ex4
left,forward,120,3,19,1600.0,448.924,50.0,102705.0,92103,0,ex4
left,forward,120,3,20,1580.0,443.313,50.0,102755.0,92182,0,ex4
left,forward,120,4,1,1580.0,443.313,50.0,140824.0,130491,0,ex4
left,forward,120,4,2,1600.0,448.924,50.0,140874.0,130571,0,ex4
left,forward,120,4,3,1600.0,448.924,50.0,140924.0,130651,0,ex4
left,forward,120,4,4,1580.0,443.313,50.0,140974.0,130730,0,ex4
left,forward,120,4,5,1600.0,448.924,50.0,141024.0,130810,0,ex4
left,forward,120,4,6,1580.0,443.313,50.0,141074.0,130889,0,ex4
left,forward,120,4,7,1600.0,448.924,50.0,141124.0,130969,0,ex4
left,forward,120,4,8,1600.0,448.924,50.0,141174.0,131049,0,ex4
left,forward,120,4,9,1580.0,443.313,50.0,141224.0,131128,0,ex4
left,forward,120,4,10,1600.0,448.924,50.0,141274.0,131208,0,ex4
left,forward,120,4,11,1580.0,443.313,50.0,141324.0,131287,0,ex4
left,forward,120,4,12,1600.0,448.924,50.0,141374.0,131367,0,ex4
left,forward,120,4,13,1600.0,448.924,50.0,141424.0,131447,0,ex4
left,forward,120,4,14,1580.0,443.313,50.0,141474.0,131526,0,ex4
left,forward,120,4,15,1600.0,448.924,50.0,141524.0,131606,0,ex4
left,forward,120,4,16,1580.0,443.313,50.0,141574.0,131685,0,ex4
left,forward,120,4,17,1600.0,448.924,50.0,141624.0,131765,0,ex4
left,forward,120,4,18,1600.0,448.924,50.0,141674.0,131845,0,ex4
left,forward,120,4,19,1600.0,448.924,50.0,141724.0,131925,0,ex4
left,forward,120,4,20,1580.0,443.313,50.0,141774.0,132004,0,ex4
left,forward,120,5,1,1580.0,443.313,50.0,179843.0,170381,0,ex4
left,forward,120,5,2,1600.0,448.924,50.0,179893.0,170461,0,ex4
left,forward,120,5,3,1600.0,448.924,50.0,179943.0,170541,0,ex4
left,forward,120,5,4,1600.0,448.924,50.0,179993.0,170621,0,ex4
left,forward,120,5,5,1580.0,443.313,50.0,180043.0,170700,0,ex4
left,forward,120,5,6,1607.843,451.125,51.0,180094.0,170782,0,ex4
left,forward,120,5,7,1580.0,443.313,50.0,180144.0,170861,0,ex4
left,forward,120,5,8,1600.0,448.924,50.0,180194.0,170941,0,ex4
left,forward,120,5,9,1600.0,448.924,50.0,180244.0,171021,0,ex4
left,forward,120,5,10,1580.0,443.313,50.0,180294.0,171100,0,ex4
left,forward,120,5,11,1600.0,448.924,50.0,180344.0,171180,0,ex4
left,forward,120,5,12,1600.0,448.924,50.0,180394.0,171260,0,ex4
left,forward,120,5,13,1580.0,443.313,50.0,180444.0,171339,0,ex4
left,forward,120,5,14,1600.0,448.924,50.0,180494.0,171419,0,ex4
left,forward,120,5,15,1600.0,448.924,50.0,180544.0,171499,0,ex4
left,forward,120,5,16,1580.0,443.313,50.0,180594.0,171578,0,ex4
left,forward,120,5,17,1600.0,448.924,50.0,180644.0,171658,0,ex4
left,forward,120,5,18,1600.0,448.924,50.0,180694.0,171738,0,ex4
left,forward,120,5,19,1600.0,448.924,50.0,180744.0,171818,0,ex4
left,forward,120,5,20,1580.0,443.313,50.0,180794.0,171897,0,ex4
left,forward,130,1,1,1720.0,482.594,50.0,26367.0,13741,0,ex4
left,forward,130,1,2,1740.0,488.205,50.0,26417.0,13828,0,ex4
left,forward,130,1,3,1720.0,482.594,50.0,26467.0,13914,0,ex4
left,forward,130,1,4,1720.0,482.594,50.0,26517.0,14000,0,ex4
left,forward,130,1,5,1720.0,482.594,50.0,26567.0,14086,0,ex4
left,forward,130,1,6,1740.0,488.205,50.0,26617.0,14173,0,ex4
left,forward,130,1,7,1720.0,482.594,50.0,26667.0,14259,0,ex4
left,forward,130,1,8,1720.0,482.594,50.0,26717.0,14345,0,ex4
left,forward,130,1,9,1720.0,482.594,50.0,26767.0,14431,0,ex4
left,forward,130,1,10,1740.0,488.205,50.0,26817.0,14518,0,ex4
left,forward,130,1,11,1720.0,482.594,50.0,26867.0,14604,0,ex4
left,forward,130,1,12,1720.0,482.594,50.0,26917.0,14690,0,ex4
left,forward,130,1,13,1740.0,488.205,50.0,26967.0,14777,0,ex4
left,forward,130,1,14,1720.0,482.594,50.0,27017.0,14863,0,ex4
left,forward,130,1,15,1720.0,482.594,50.0,27067.0,14949,0,ex4
left,forward,130,1,16,1720.0,482.594,50.0,27117.0,15035,0,ex4
left,forward,130,1,17,1720.0,482.594,50.0,27167.0,15121,0,ex4
left,forward,130,1,18,1720.0,482.594,50.0,27217.0,15207,0,ex4
left,forward,130,1,19,1720.0,482.594,50.0,27267.0,15293,0,ex4
left,forward,130,1,20,1740.0,488.205,50.0,27317.0,15380,0,ex4
left,forward,130,2,1,1720.0,482.594,50.0,65386.0,53454,0,ex4
left,forward,130,2,2,1740.0,488.205,50.0,65436.0,53541,0,ex4
left,forward,130,2,3,1720.0,482.594,50.0,65486.0,53627,0,ex4
left,forward,130,2,4,1740.0,488.205,50.0,65536.0,53714,0,ex4
left,forward,130,2,5,1720.0,482.594,50.0,65586.0,53800,0,ex4
left,forward,130,2,6,1740.0,488.205,50.0,65636.0,53887,0,ex4
left,forward,130,2,7,1720.0,482.594,50.0,65686.0,53973,0,ex4
left,forward,130,2,8,1720.0,482.594,50.0,65736.0,54059,0,ex4
left,forward,130,2,9,1740.0,488.205,50.0,65786.0,54146,0,ex4
left,forward,130,2,10,1720.0,482.594,50.0,65836.0,54232,0,ex4
left,forward,130,2,11,1740.0,488.205,50.0,65886.0,54319,0,ex4
left,forward,130,2,12,1720.0,482.594,50.0,65936.0,54405,0,ex4
left,forward,130,2,13,1720.0,482.594,50.0,65986.0,54491,0,ex4
left,forward,130,2,14,1725.49,484.134,51.0,66037.0,54579,0,ex4
left,forward,130,2,15,1740.0,488.205,50.0,66087.0,54666,0,ex4
left,forward,130,2,16,1720.0,482.594,50.0,66137.0,54752,0,ex4
left,forward,130,2,17,1720.0,482.594,50.0,66187.0,54838,0,ex4
left,forward,130,2,18,1740.0,488.205,50.0,66237.0,54925,0,ex4
left,forward,130,2,19,1720.0,482.594,50.0,66287.0,55011,0,ex4
left,forward,130,2,20,1720.0,482.594,50.0,66337.0,55097,0,ex4
left,forward,130,3,1,1720.0,482.594,50.0,104406.0,93245,0,ex4
left,forward,130,3,2,1740.0,488.205,50.0,104456.0,93332,0,ex4
left,forward,130,3,3,1720.0,482.594,50.0,104506.0,93418,0,ex4
left,forward,130,3,4,1740.0,488.205,50.0,104556.0,93505,0,ex4
left,forward,130,3,5,1740.0,488.205,50.0,104606.0,93592,0,ex4
left,forward,130,3,6,1720.0,482.594,50.0,104656.0,93678,0,ex4
left,forward,130,3,7,1740.0,488.205,50.0,104706.0,93765,0,ex4
left,forward,130,3,8,1720.0,482.594,50.0,104756.0,93851,0,ex4
left,forward,130,3,9,1740.0,488.205,50.0,104806.0,93938,0,ex4
left,forward,130,3,10,1740.0,488.205,50.0,104856.0,94025,0,ex4
left,forward,130,3,11,1720.0,482.594,50.0,104906.0,94111,0,ex4
left,forward,130,3,12,1740.0,488.205,50.0,104956.0,94198,0,ex4
left,forward,130,3,13,1720.0,482.594,50.0,105006.0,94284,0,ex4
left,forward,130,3,14,1740.0,488.205,50.0,105056.0,94371,0,ex4
left,forward,130,3,15,1720.0,482.594,50.0,105106.0,94457,0,ex4
left,forward,130,3,16,1740.0,488.205,50.0,105156.0,94544,0,ex4
left,forward,130,3,17,1720.0,482.594,50.0,105206.0,94630,0,ex4
left,forward,130,3,18,1740.0,488.205,50.0,105256.0,94717,0,ex4
left,forward,130,3,19,1720.0,482.594,50.0,105306.0,94803,0,ex4
left,forward,130,3,20,1740.0,488.205,50.0,105356.0,94890,0,ex4
left,forward,130,4,1,1740.0,488.205,50.0,143425.0,133066,0,ex4
left,forward,130,4,2,1740.0,488.205,50.0,143475.0,133153,0,ex4
left,forward,130,4,3,1720.0,482.594,50.0,143525.0,133239,0,ex4
left,forward,130,4,4,1740.0,488.205,50.0,143575.0,133326,0,ex4
left,forward,130,4,5,1720.0,482.594,50.0,143625.0,133412,0,ex4
left,forward,130,4,6,1740.0,488.205,50.0,143675.0,133499,0,ex4
left,forward,130,4,7,1720.0,482.594,50.0,143725.0,133585,0,ex4
left,forward,130,4,8,1720.0,482.594,50.0,143775.0,133671,0,ex4
left,forward,130,4,9,1740.0,488.205,50.0,143825.0,133758,0,ex4
left,forward,130,4,10,1740.0,488.205,50.0,143875.0,133845,0,ex4
left,forward,130,4,11,1720.0,482.594,50.0,143925.0,133931,0,ex4
left,forward,130,4,12,1740.0,488.205,50.0,143975.0,134018,0,ex4
left,forward,130,4,13,1720.0,482.594,50.0,144025.0,134104,0,ex4
left,forward,130,4,14,1745.098,489.635,51.0,144076.0,134193,0,ex4
left,forward,130,4,15,1720.0,482.594,50.0,144126.0,134279,0,ex4
left,forward,130,4,16,1740.0,488.205,50.0,144176.0,134366,0,ex4
left,forward,130,4,17,1740.0,488.205,50.0,144226.0,134453,0,ex4
left,forward,130,4,18,1720.0,482.594,50.0,144276.0,134539,0,ex4
left,forward,130,4,19,1740.0,488.205,50.0,144326.0,134626,0,ex4
left,forward,130,4,20,1720.0,482.594,50.0,144376.0,134712,0,ex4
left,forward,130,5,1,1740.0,488.205,50.0,182445.0,172965,0,ex4
left,forward,130,5,2,1720.0,482.594,50.0,182495.0,173051,0,ex4
left,forward,130,5,3,1740.0,488.205,50.0,182545.0,173138,0,ex4
left,forward,130,5,4,1740.0,488.205,50.0,182595.0,173225,0,ex4
left,forward,130,5,5,1720.0,482.594,50.0,182645.0,173311,0,ex4
left,forward,130,5,6,1720.0,482.594,50.0,182695.0,173397,0,ex4
left,forward,130,5,7,1740.0,488.205,50.0,182745.0,173484,0,ex4
left,forward,130,5,8,1740.0,488.205,50.0,182795.0,173571,0,ex4
left,forward,130,5,9,1720.0,482.594,50.0,182845.0,173657,0,ex4
left,forward,130,5,10,1740.0,488.205,50.0,182895.0,173744,0,ex4
left,forward,130,5,11,1720.0,482.594,50.0,182945.0,173830,0,ex4
left,forward,130,5,12,1740.0,488.205,50.0,182995.0,173917,0,ex4
left,forward,130,5,13,1740.0,488.205,50.0,183045.0,174004,0,ex4
left,forward,130,5,14,1720.0,482.594,50.0,183095.0,174090,0,ex4
left,forward,130,5,15,1740.0,488.205,50.0,183145.0,174177,0,ex4
left,forward,130,5,16,1720.0,482.594,50.0,183195.0,174263,0,ex4
left,forward,130,5,17,1740.0,488.205,50.0,183245.0,174350,0,ex4
left,forward,130,5,18,1740.0,488.205,50.0,183295.0,174437,0,ex4
left,forward,130,5,19,1720.0,482.594,50.0,183345.0,174523,0,ex4
left,forward,130,5,20,1720.0,482.594,50.0,183395.0,174609,0,ex4
left,forward,140,1,1,1860.0,521.874,50.0,28968.0,16525,0,ex4
left,forward,140,1,2,1860.0,521.874,50.0,29018.0,16618,0,ex4
left,forward,140,1,3,1860.0,521.874,50.0,29068.0,16711,0,ex4
left,forward,140,1,4,1860.0,521.874,50.0,29118.0,16804,0,ex4
left,forward,140,1,5,1860.0,521.874,50.0,29168.0,16897,0,ex4
left,forward,140,1,6,1880.0,527.486,50.0,29218.0,16991,0,ex4
left,forward,140,1,7,1860.0,521.874,50.0,29268.0,17084,0,ex4
left,forward,140,1,8,1860.0,521.874,50.0,29318.0,17177,0,ex4
left,forward,140,1,9,1860.0,521.874,50.0,29368.0,17270,0,ex4
left,forward,140,1,10,1860.0,521.874,50.0,29418.0,17363,0,ex4
left,forward,140,1,11,1880.0,527.486,50.0,29468.0,17457,0,ex4
left,forward,140,1,12,1860.0,521.874,50.0,29518.0,17550,0,ex4
left,forward,140,1,13,1860.0,521.874,50.0,29568.0,17643,0,ex4
left,forward,140,1,14,1860.0,521.874,50.0,29618.0,17736,0,ex4
left,forward,140,1,15,1860.0,521.874,50.0,29668.0,17829,0,ex4
left,forward,140,1,16,1880.0,527.486,50.0,29718.0,17923,0,ex4
left,forward,140,1,17,1860.0,521.874,50.0,29768.0,18016,0,ex4
left,forward,140,1,18,1860.0,521.874,50.0,29818.0,18109,0,ex4
left,forward,140,1,19,1860.0,521.874,50.0,29868.0,18202,0,ex4
left,forward,140,1,20,1860.0,521.874,50.0,29918.0,18295,0,ex4
left,forward,140,2,1,1860.0,521.874,50.0,67987.0,56242,0,ex4
left,forward,140,2,2,1882.353,528.146,51.0,68038.0,56338,0,ex4
left,forward,140,2,3,1860.0,521.874,50.0,68088.0,56431,0,ex4
left,forward,140,2,4,1860.0,521.874,50.0,68138.0,56524,0,ex4
left,forward,140,2,5,1880.0,527.486,50.0,68188.0,56618,0,ex4
left,forward,140,2,6,1860.0,521.874,50.0,68238.0,56711,0,ex4
left,forward,140,2,7,1860.0,521.874,50.0,68288.0,56804,0,ex4
left,forward,140,2,8,1880.0,527.486,50.0,68338.0,56898,0,ex4
left,forward,140,2,9,1860.0,521.874,50.0,68388.0,56991,0,ex4
left,forward,140,2,10,1860.0,521.874,50.0,68438.0,57084,0,ex4
left,forward,140,2,11,1880.0,527.486,50.0,68488.0,57178,0,ex4
left,forward,140,2,12,1860.0,521.874,50.0,68538.0,57271,0,ex4
left,forward,140,2,13,1880.0,527.486,50.0,68588.0,57365,0,ex4
left,forward,140,2,14,1860.0,521.874,50.0,68638.0,57458,0,ex4
left,forward,140,2,15,1860.0,521.874,50.0,68688.0,57551,0,ex4
left,forward,140,2,16,1880.0,527.486,50.0,68738.0,57645,0,ex4
left,forward,140,2,17,1860.0,521.874,50.0,68788.0,57738,0,ex4
left,forward,140,2,18,1860.0,521.874,50.0,68838.0,57831,0,ex4
left,forward,140,2,19,1880.0,527.486,50.0,68888.0,57925,0,ex4
left,forward,140,2,20,1860.0,521.874,50.0,68938.0,58018,0,ex4
left,forward,140,3,1,1860.0,521.874,50.0,107007.0,96046,0,ex4
left,forward,140,3,2,1860.0,521.874,50.0,107057.0,96139,0,ex4
left,forward,140,3,3,1880.0,527.486,50.0,107107.0,96233,0,ex4
left,forward,140,3,4,1860.0,521.874,50.0,107157.0,96326,0,ex4
left,forward,140,3,5,1880.0,527.486,50.0,107207.0,96420,0,ex4
left,forward,140,3,6,1860.0,521.874,50.0,107257.0,96513,0,ex4
left,forward,140,3,7,1880.0,527.486,50.0,107307.0,96607,0,ex4
left,forward,140,3,8,1860.0,521.874,50.0,107357.0,96700,0,ex4
left,forward,140,3,9,1860.0,521.874,50.0,107407.0,96793,0,ex4
left,forward,140,3,10,1880.0,527.486,50.0,107457.0,96887,0,ex4
left,forward,140,3,11,1860.0,521.874,50.0,107507.0,96980,0,ex4
left,forward,140,3,12,1860.0,521.874,50.0,107557.0,97073,0,ex4
left,forward,140,3,13,1880.0,527.486,50.0,107607.0,97167,0,ex4
left,forward,140,3,14,1860.0,521.874,50.0,107657.0,97260,0,ex4
left,forward,140,3,15,1880.0,527.486,50.0,107707.0,97354,0,ex4
left,forward,140,3,16,1860.0,521.874,50.0,107757.0,97447,0,ex4
left,forward,140,3,17,1880.0,527.486,50.0,107807.0,97541,0,ex4
left,forward,140,3,18,1860.0,521.874,50.0,107857.0,97634,0,ex4
left,forward,140,3,19,1860.0,521.874,50.0,107907.0,97727,0,ex4
left,forward,140,3,20,1880.0,527.486,50.0,107957.0,97821,0,ex4
left,forward,140,4,1,1880.0,527.486,50.0,146026.0,135864,0,ex4
left,forward,140,4,2,1882.353,528.146,51.0,146077.0,135960,0,ex4
left,forward,140,4,3,1860.0,521.874,50.0,146127.0,136053,0,ex4
left,forward,140,4,4,1860.0,521.874,50.0,146177.0,136146,0,ex4
left,forward,140,4,5,1880.0,527.486,50.0,146227.0,136240,0,ex4
left,forward,140,4,6,1860.0,521.874,50.0,146277.0,136333,0,ex4
left,forward,140,4,7,1880.0,527.486,50.0,146327.0,136427,0,ex4
left,forward,140,4,8,1860.0,521.874,50.0,146377.0,136520,0,ex4
left,forward,140,4,9,1880.0,527.486,50.0,146427.0,136614,0,ex4
left,forward,140,4,10,1860.0,521.874,50.0,146477.0,136707,0,ex4
left,forward,140,4,11,1880.0,527.486,50.0,146527.0,136801,0,ex4
left,forward,140,4,12,1860.0,521.874,50.0,146577.0,136894,0,ex4
left,forward,140,4,13,1880.0,527.486,50.0,146627.0,136988,0,ex4
left,forward,140,4,14,1860.0,521.874,50.0,146677.0,137081,0,ex4
left,forward,140,4,15,1880.0,527.486,50.0,146727.0,137175,0,ex4
left,forward,140,4,16,1860.0,521.874,50.0,146777.0,137268,0,ex4
left,forward,140,4,17,1880.0,527.486,50.0,146827.0,137362,0,ex4
left,forward,140,4,18,1860.0,521.874,50.0,146877.0,137455,0,ex4
left,forward,140,4,19,1880.0,527.486,50.0,146927.0,137549,0,ex4
left,forward,140,4,20,1880.0,527.486,50.0,146977.0,137643,0,ex4
left,forward,140,5,1,1880.0,527.486,50.0,185046.0,175772,0,ex4
left,forward,140,5,2,1860.0,521.874,50.0,185096.0,175865,0,ex4
left,forward,140,5,3,1880.0,527.486,50.0,185146.0,175959,0,ex4
left,forward,140,5,4,1880.0,527.486,50.0,185196.0,176053,0,ex4
left,forward,140,5,5,1860.0,521.874,50.0,185246.0,176146,0,ex4
left,forward,140,5,6,1880.0,527.486,50.0,185296.0,176240,0,ex4
left,forward,140,5,7,1880.0,527.486,50.0,185346.0,176334,0,ex4
left,forward,140,5,8,1860.0,521.874,50.0,185396.0,176427,0,ex4
left,forward,140,5,9,1880.0,527.486,50.0,185446.0,176521,0,ex4
left,forward,140,5,10,1860.0,521.874,50.0,185496.0,176614,0,ex4
left,forward,140,5,11,1880.0,527.486,50.0,185546.0,176708,0,ex4
left,forward,140,5,12,1860.0,521.874,50.0,185596.0,176801,0,ex4
left,forward,140,5,13,1880.0,527.486,50.0,185646.0,176895,0,ex4
left,forward,140,5,14,1880.0,527.486,50.0,185696.0,176989,0,ex4
left,forward,140,5,15,1860.0,521.874,50.0,185746.0,177082,0,ex4
left,forward,140,5,16,1880.0,527.486,50.0,185796.0,177176,0,ex4
left,forward,140,5,17,1860.0,521.874,50.0,185846.0,177269,0,ex4
left,forward,140,5,18,1880.0,527.486,50.0,185896.0,177363,0,ex4
left,forward,140,5,19,1880.0,527.486,50.0,185946.0,177457,0,ex4
left,forward,140,5,20,1860.0,521.874,50.0,185996.0,177550,0,ex4
left,forward,150,1,1,2000.0,561.155,50.0,31569.0,19533,0,ex4
left,forward,150,1,2,2000.0,561.155,50.0,31619.0,19633,0,ex4
left,forward,150,1,3,2000.0,561.155,50.0,31669.0,19733,0,ex4
left,forward,150,1,4,2000.0,561.155,50.0,31719.0,19833,0,ex4
left,forward,150,1,5,2020.0,566.767,50.0,31769.0,19934,0,ex4
left,forward,150,1,6,2000.0,561.155,50.0,31819.0,20034,0,ex4
left,forward,150,1,7,2000.0,561.155,50.0,31869.0,20134,0,ex4
left,forward,150,1,8,2000.0,561.155,50.0,31919.0,20234,0,ex4
left,forward,150,1,9,2020.0,566.767,50.0,31969.0,20335,0,ex4
left,forward,150,1,10,2000.0,561.155,51.0,32020.0,20437,0,ex4
left,forward,150,1,11,2000.0,561.155,50.0,32070.0,20537,0,ex4
left,forward,150,1,12,2000.0,561.155,50.0,32120.0,20637,0,ex4
left,forward,150,1,13,2020.0,566.767,50.0,32170.0,20738,0,ex4
left,forward,150,1,14,2000.0,561.155,50.0,32220.0,20838,0,ex4
left,forward,150,1,15,2000.0,561.155,50.0,32270.0,20938,0,ex4
left,forward,150,1,16,2000.0,561.155,50.0,32320.0,21038,0,ex4
left,forward,150,1,17,2020.0,566.767,50.0,32370.0,21139,0,ex4
left,forward,150,1,18,2000.0,561.155,50.0,32420.0,21239,0,ex4
left,forward,150,1,19,2000.0,561.155,50.0,32470.0,21339,0,ex4
left,forward,150,1,20,2000.0,561.155,50.0,32520.0,21439,0,ex4
left,forward,150,2,1,2020.0,566.767,50.0,70589.0,59258,0,ex4
left,forward,150,2,2,2020.0,566.767,50.0,70639.0,59359,0,ex4
left,forward,150,2,3,2000.0,561.155,50.0,70689.0,59459,0,ex4
left,forward,150,2,4,2020.0,566.767,50.0,70739.0,59560,0,ex4
left,forward,150,2,5,2020.0,566.767,50.0,70789.0,59661,0,ex4
left,forward,150,2,6,2020.0,566.767,50.0,70839.0,59762,0,ex4
left,forward,150,2,7,2000.0,561.155,50.0,70889.0,59862,0,ex4
left,forward,150,2,8,2020.0,566.767,50.0,70939.0,59963,0,ex4
left,forward,150,2,9,2020.0,566.767,50.0,70989.0,60064,0,ex4
left,forward,150,2,10,2020.0,566.767,50.0,71039.0,60165,0,ex4
left,forward,150,2,11,2000.0,561.155,50.0,71089.0,60265,0,ex4
left,forward,150,2,12,2020.0,566.767,50.0,71139.0,60366,0,ex4
left,forward,150,2,13,2020.0,566.767,50.0,71189.0,60467,0,ex4
left,forward,150,2,14,2020.0,566.767,50.0,71239.0,60568,0,ex4
left,forward,150,2,15,2020.0,566.767,50.0,71289.0,60669,0,ex4
left,forward,150,2,16,2020.0,566.767,50.0,71339.0,60770,0,ex4
left,forward,150,2,17,2020.0,566.767,50.0,71389.0,60871,0,ex4
left,forward,150,2,18,2000.0,561.155,50.0,71439.0,60971,0,ex4
left,forward,150,2,19,2020.0,566.767,50.0,71489.0,61072,0,ex4
left,forward,150,2,20,2020.0,566.767,50.0,71539.0,61173,0,ex4
left,forward,150,3,1,2020.0,566.767,50.0,109608.0,99041,0,ex4
left,forward,150,3,2,2020.0,566.767,50.0,109658.0,99142,0,ex4
left,forward,150,3,3,2020.0,566.767,50.0,109708.0,99243,0,ex4
left,forward,150,3,4,2000.0,561.155,50.0,109758.0,99343,0,ex4
left,forward,150,3,5,2020.0,566.767,50.0,109808.0,99444,0,ex4
left,forward,150,3,6,2020.0,566.767,50.0,109858.0,99545,0,ex4
left,forward,150,3,7,2020.0,566.767,50.0,109908.0,99646,0,ex4
left,forward,150,3,8,2020.0,566.767,50.0,109958.0,99747,0,ex4
left,forward,150,3,9,2020.0,566.767,50.0,110008.0,99848,0,ex4
left,forward,150,3,10,2019.608,566.657,51.0,110059.0,99951,0,ex4
left,forward,150,3,11,2000.0,561.155,50.0,110109.0,100051,0,ex4
left,forward,150,3,12,2020.0,566.767,50.0,110159.0,100152,0,ex4
left,forward,150,3,13,2020.0,566.767,50.0,110209.0,100253,0,ex4
left,forward,150,3,14,2020.0,566.767,50.0,110259.0,100354,0,ex4
left,forward,150,3,15,2020.0,566.767,50.0,110309.0,100455,0,ex4
left,forward,150,3,16,2000.0,561.155,50.0,110359.0,100555,0,ex4
left,forward,150,3,17,2020.0,566.767,50.0,110409.0,100656,0,ex4
left,forward,150,3,18,2020.0,566.767,50.0,110459.0,100757,0,ex4
left,forward,150,3,19,2020.0,566.767,50.0,110509.0,100858,0,ex4
left,forward,150,3,20,2020.0,566.767,50.0,110559.0,100959,0,ex4
left,forward,150,4,1,2000.0,561.155,50.0,148628.0,138882,0,ex4
left,forward,150,4,2,2020.0,566.767,50.0,148678.0,138983,0,ex4
left,forward,150,4,3,2020.0,566.767,50.0,148728.0,139084,0,ex4
left,forward,150,4,4,2020.0,566.767,50.0,148778.0,139185,0,ex4
left,forward,150,4,5,2020.0,566.767,50.0,148828.0,139286,0,ex4
left,forward,150,4,6,2020.0,566.767,50.0,148878.0,139387,0,ex4
left,forward,150,4,7,2000.0,561.155,50.0,148928.0,139487,0,ex4
left,forward,150,4,8,2020.0,566.767,50.0,148978.0,139588,0,ex4
left,forward,150,4,9,2020.0,566.767,50.0,149028.0,139689,0,ex4
left,forward,150,4,10,2020.0,566.767,50.0,149078.0,139790,0,ex4
left,forward,150,4,11,2020.0,566.767,50.0,149128.0,139891,0,ex4
left,forward,150,4,12,2020.0,566.767,50.0,149178.0,139992,0,ex4
left,forward,150,4,13,2020.0,566.767,50.0,149228.0,140093,0,ex4
left,forward,150,4,14,2000.0,561.155,50.0,149278.0,140193,0,ex4
left,forward,150,4,15,2020.0,566.767,50.0,149328.0,140294,0,ex4
left,forward,150,4,16,2020.0,566.767,50.0,149378.0,140395,0,ex4
left,forward,150,4,17,2020.0,566.767,50.0,149428.0,140496,0,ex4
left,forward,150,4,18,2020.0,566.767,50.0,149478.0,140597,0,ex4
left,forward,150,4,19,2000.0,561.155,50.0,149528.0,140697,0,ex4
left,forward,150,4,20,2020.0,566.767,50.0,149578.0,140798,0,ex4
left,forward,150,5,1,2020.0,566.767,50.0,187647.0,178793,0,ex4
left,forward,150,5,2,2020.0,566.767,50.0,187697.0,178894,0,ex4
left,forward,150,5,3,2020.0,566.767,50.0,187747.0,178995,0,ex4
left,forward,150,5,4,2020.0,566.767,50.0,187797.0,179096,0,ex4
left,forward,150,5,5,2020.0,566.767,50.0,187847.0,179197,0,ex4
left,forward,150,5,6,2020.0,566.767,50.0,187897.0,179298,0,ex4
left,forward,150,5,7,2020.0,566.767,50.0,187947.0,179399,0,ex4
left,forward,150,5,8,2000.0,561.155,50.0,187997.0,179499,0,ex4
left,forward,150,5,9,2040.0,572.378,50.0,188047.0,179601,0,ex4
left,forward,150,5,10,2019.608,566.657,51.0,188098.0,179704,0,ex4
left,forward,150,5,11,2020.0,566.767,50.0,188148.0,179805,0,ex4
left,forward,150,5,12,2000.0,561.155,50.0,188198.0,179905,0,ex4
left,forward,150,5,13,2020.0,566.767,50.0,188248.0,180006,0,ex4
left,forward,150,5,14,2020.0,566.767,50.0,188298.0,180107,0,ex4
left,forward,150,5,15,2020.0,566.767,50.0,188348.0,180208,0,ex4
left,forward,150,5,16,2020.0,566.767,50.0,188398.0,180309,0,ex4
left,forward,150,5,17,2020.0,566.767,50.0,188448.0,180410,0,ex4
left,forward,150,5,18,2000.0,561.155,50.0,188498.0,180510,0,ex4
left,forward,150,5,19,2020.0,566.767,50.0,188548.0,180611,0,ex4
left,forward,150,5,20,2020.0,566.767,50.0,188598.0,180712,0,ex4
left,forward,160,1,1,2160.0,606.048,50.0,130571.0,3106,0,ex5_testGain
left,forward,160,1,2,2160.0,606.048,50.0,130621.0,3214,0,ex5_testGain
left,forward,160,1,3,2180.0,611.659,50.0,130671.0,3323,0,ex5_testGain
left,forward,160,1,4,2180.0,611.659,50.0,130721.0,3432,0,ex5_testGain
left,forward,160,1,5,2160.0,606.048,50.0,130771.0,3540,0,ex5_testGain
left,forward,160,1,6,2160.0,606.048,50.0,130821.0,3648,0,ex5_testGain
left,forward,160,1,7,2180.0,611.659,50.0,130871.0,3757,0,ex5_testGain
left,forward,160,1,8,2160.0,606.048,50.0,130921.0,3865,0,ex5_testGain
left,forward,160,1,9,2160.0,606.048,50.0,130971.0,3973,0,ex5_testGain
left,forward,160,1,10,2180.0,611.659,50.0,131021.0,4082,0,ex5_testGain
left,forward,160,1,11,2160.0,606.048,50.0,131071.0,4190,0,ex5_testGain
left,forward,160,1,12,2160.0,606.048,50.0,131121.0,4298,0,ex5_testGain
left,forward,160,1,13,2180.0,611.659,50.0,131171.0,4407,0,ex5_testGain
left,forward,160,1,14,2160.0,606.048,50.0,131221.0,4515,0,ex5_testGain
left,forward,160,1,15,2160.0,606.048,50.0,131271.0,4623,0,ex5_testGain
left,forward,160,1,16,2180.0,611.659,50.0,131321.0,4732,0,ex5_testGain
left,forward,160,1,17,2160.0,606.048,50.0,131371.0,4840,0,ex5_testGain
left,forward,160,1,18,2160.0,606.048,50.0,131421.0,4948,0,ex5_testGain
left,forward,160,1,19,2180.0,611.659,50.0,131471.0,5057,0,ex5_testGain
left,forward,160,1,20,2160.0,606.048,50.0,131521.0,5165,0,ex5_testGain
left,forward,160,2,1,2160.0,606.048,50.0,135771.0,8626,0,ex5_testGain
left,forward,160,2,2,2160.0,606.048,50.0,135821.0,8734,0,ex5_testGain
left,forward,160,2,3,2180.0,611.659,50.0,135871.0,8843,0,ex5_testGain
left,forward,160,2,4,2160.0,606.048,50.0,135921.0,8951,0,ex5_testGain
left,forward,160,2,5,2160.0,606.048,50.0,135971.0,9059,0,ex5_testGain
left,forward,160,2,6,2160.0,606.048,50.0,136021.0,9167,0,ex5_testGain
left,forward,160,2,7,2176.47,610.669,51.0,136072.0,9278,0,ex5_testGain
left,forward,160,2,8,2140.0,600.436,50.0,136122.0,9385,0,ex5_testGain
left,forward,160,2,9,2160.0,606.048,50.0,136172.0,9493,0,ex5_testGain
left,forward,160,2,10,2160.0,606.048,50.0,136222.0,9601,0,ex5_testGain
left,forward,160,2,11,2160.0,606.048,50.0,136272.0,9709,0,ex5_testGain
left,forward,160,2,12,2160.0,606.048,50.0,136322.0,9817,0,ex5_testGain
left,forward,160,2,13,2160.0,606.048,50.0,136372.0,9925,0,ex5_testGain
left,forward,160,2,14,2160.0,606.048,50.0,136422.0,10033,0,ex5_testGain
left,forward,160,2,15,2160.0,606.048,50.0,136472.0,10141,0,ex5_testGain
left,forward,160,2,16,2160.0,606.048,50.0,136522.0,10249,0,ex5_testGain
left,forward,160,2,17,2180.0,611.659,50.0,136572.0,10358,0,ex5_testGain
left,forward,160,2,18,2140.0,600.436,50.0,136622.0,10465,0,ex5_testGain
left,forward,160,2,19,2180.0,611.659,50.0,136672.0,10574,0,ex5_testGain
left,forward,160,2,20,2140.0,600.436,50.0,136722.0,10681,0,ex5_testGain
left,forward,160,3,1,2160.0,606.048,50.0,140974.0,14132,0,ex5_testGain
left,forward,160,3,2,2160.0,606.048,50.0,141024.0,14240,0,ex5_testGain
left,forward,160,3,3,2160.0,606.048,50.0,141074.0,14348,0,ex5_testGain
left,forward,160,3,4,2160.0,606.048,50.0,141124.0,14456,0,ex5_testGain
left,forward,160,3,5,2180.0,611.659,50.0,141174.0,14565,0,ex5_testGain
left,forward,160,3,6,2140.0,600.436,50.0,141224.0,14672,0,ex5_testGain
left,forward,160,3,7,2180.0,611.659,50.0,141274.0,14781,0,ex5_testGain
left,forward,160,3,8,2140.0,600.436,50.0,141324.0,14888,0,ex5_testGain
left,forward,160,3,9,2180.0,611.659,50.0,141374.0,14997,0,ex5_testGain
left,forward,160,3,10,2140.0,600.436,50.0,141424.0,15104,0,ex5_testGain
left,forward,160,3,11,2180.0,611.659,50.0,141474.0,15213,0,ex5_testGain
left,forward,160,3,12,2160.0,606.048,50.0,141524.0,15321,0,ex5_testGain
left,forward,160,3,13,2160.0,606.048,50.0,141574.0,15429,0,ex5_testGain
left,forward,160,3,14,2160.0,606.048,50.0,141624.0,15537,0,ex5_testGain
left,forward,160,3,15,2160.0,606.048,50.0,141674.0,15645,0,ex5_testGain
left,forward,160,3,16,2160.0,606.048,50.0,141724.0,15753,0,ex5_testGain
left,forward,160,3,17,2160.0,606.048,50.0,141774.0,15861,0,ex5_testGain
left,forward,160,3,18,2160.0,606.048,50.0,141824.0,15969,0,ex5_testGain
left,forward,160,3,19,2160.0,606.048,50.0,141874.0,16077,0,ex5_testGain
left,forward,160,3,20,2160.0,606.048,50.0,141924.0,16185,0,ex5_testGain
left,forward,160,4,1,2160.0,606.048,50.0,146177.0,19634,0,ex5_testGain
left,forward,160,4,2,2160.0,606.048,50.0,146227.0,19742,0,ex5_testGain
left,forward,160,4,3,2160.0,606.048,50.0,146277.0,19850,0,ex5_testGain
left,forward,160,4,4,2160.0,606.048,50.0,146327.0,19958,0,ex5_testGain
left,forward,160,4,5,2160.0,606.048,50.0,146377.0,20066,0,ex5_testGain
left,forward,160,4,6,2160.0,606.048,50.0,146427.0,20174,0,ex5_testGain
left,forward,160,4,7,2180.0,611.659,50.0,146477.0,20283,0,ex5_testGain
left,forward,160,4,8,2160.0,606.048,50.0,146527.0,20391,0,ex5_testGain
left,forward,160,4,9,2160.0,606.048,50.0,146577.0,20499,0,ex5_testGain
left,forward,160,4,10,2160.0,606.048,50.0,146627.0,20607,0,ex5_testGain
left,forward,160,4,11,2160.0,606.048,50.0,146677.0,20715,0,ex5_testGain
left,forward,160,4,12,2160.0,606.048,50.0,146727.0,20823,0,ex5_testGain
left,forward,160,4,13,2160.0,606.048,50.0,146777.0,20931,0,ex5_testGain
left,forward,160,4,14,2160.0,606.048,50.0,146827.0,21039,0,ex5_testGain
left,forward,160,4,15,2160.0,606.048,50.0,146877.0,21147,0,ex5_testGain
left,forward,160,4,16,2160.0,606.048,50.0,146927.0,21255,0,ex5_testGain
left,forward,160,4,17,2160.0,606.048,50.0,146977.0,21363,0,ex5_testGain
left,forward,160,4,18,2160.0,606.048,50.0,147027.0,21471,0,ex5_testGain
left,forward,160,4,19,2160.0,606.048,50.0,147077.0,21579,0,ex5_testGain
left,forward,160,4,20,2160.0,606.048,50.0,147127.0,21687,0,ex5_testGain
left,forward,160,5,1,2160.0,606.048,50.0,151379.0,25152,0,ex5_testGain
left,forward,160,5,2,2160.0,606.048,50.0,151429.0,25260,0,ex5_testGain
left,forward,160,5,3,2160.0,606.048,50.0,151479.0,25368,0,ex5_testGain
left,forward,160,5,4,2160.0,606.048,50.0,151529.0,25476,0,ex5_testGain
left,forward,160,5,5,2160.0,606.048,50.0,151579.0,25584,0,ex5_testGain
left,forward,160,5,6,2160.0,606.048,50.0,151629.0,25692,0,ex5_testGain
left,forward,160,5,7,2160.0,606.048,50.0,151679.0,25800,0,ex5_testGain
left,forward,160,5,8,2160.0,606.048,50.0,151729.0,25908,0,ex5_testGain
left,forward,160,5,9,2160.0,606.048,50.0,151779.0,26016,0,ex5_testGain
left,forward,160,5,10,2180.0,611.659,50.0,151829.0,26125,0,ex5_testGain
left,forward,160,5,11,2140.0,600.436,50.0,151879.0,26232,0,ex5_testGain
left,forward,160,5,12,2180.0,611.659,50.0,151929.0,26341,0,ex5_testGain
left,forward,160,5,13,2160.0,606.048,50.0,151979.0,26449,0,ex5_testGain
left,forward,160,5,14,2160.0,606.048,50.0,152029.0,26557,0,ex5_testGain
left,forward,160,5,15,2156.863,605.167,51.0,152080.0,26667,0,ex5_testGain
left,forward,160,5,16,2160.0,606.048,50.0,152130.0,26775,0,ex5_testGain
left,forward,160,5,17,2160.0,606.048,50.0,152180.0,26883,0,ex5_testGain
left,forward,160,5,18,2180.0,611.659,50.0,152230.0,26992,0,ex5_testGain
left,forward,160,5,19,2140.0,600.436,50.0,152280.0,27099,0,ex5_testGain
left,forward,160,5,20,2160.0,606.048,50.0,152330.0,27207,0,ex5_testGain
left,forward,170,1,1,2300.0,645.329,50.0,36772.0,26233,0,ex4
left,forward,170,1,2,2280.0,639.717,50.0,36822.0,26347,0,ex4
left,forward,170,1,3,2280.0,639.717,50.0,36872.0,26461,0,ex4
left,forward,170,1,4,2280.0,639.717,50.0,36922.0,26575,0,ex4
left,forward,170,1,5,2300.0,645.329,50.0,36972.0,26690,0,ex4
left,forward,170,1,6,2280.0,639.717,50.0,37022.0,26804,0,ex4
left,forward,170,1,7,2300.0,645.329,50.0,37072.0,26919,0,ex4
left,forward,170,1,8,2280.0,639.717,50.0,37122.0,27033,0,ex4
left,forward,170,1,9,2300.0,645.329,50.0,37172.0,27148,0,ex4
left,forward,170,1,10,2280.0,639.717,50.0,37222.0,27262,0,ex4
left,forward,170,1,11,2300.0,645.329,50.0,37272.0,27377,0,ex4
left,forward,170,1,12,2280.0,639.717,50.0,37322.0,27491,0,ex4
left,forward,170,1,13,2300.0,645.329,50.0,37372.0,27606,0,ex4
left,forward,170,1,14,2280.0,639.717,50.0,37422.0,27720,0,ex4
left,forward,170,1,15,2300.0,645.329,50.0,37472.0,27835,0,ex4
left,forward,170,1,16,2280.0,639.717,50.0,37522.0,27949,0,ex4
left,forward,170,1,17,2300.0,645.329,50.0,37572.0,28064,0,ex4
left,forward,170,1,18,2280.0,639.717,50.0,37622.0,28178,0,ex4
left,forward,170,1,19,2300.0,645.329,50.0,37672.0,28293,0,ex4
left,forward,170,1,20,2280.0,639.717,50.0,37722.0,28407,0,ex4
left,forward,170,2,1,2300.0,645.329,50.0,75791.0,65975,0,ex4
left,forward,170,2,2,2280.0,639.717,50.0,75841.0,66089,0,ex4
left,forward,170,2,3,2300.0,645.329,50.0,75891.0,66204,0,ex4
left,forward,170,2,4,2300.0,645.329,50.0,75941.0,66319,0,ex4
left,forward,170,2,5,2300.0,645.329,50.0,75991.0,66434,0,ex4
left,forward,170,2,6,2294.118,643.678,51.0,76042.0,66551,0,ex4
left,forward,170,2,7,2300.0,645.329,50.0,76092.0,66666,0,ex4
left,forward,170,2,8,2280.0,639.717,50.0,76142.0,66780,0,ex4
left,forward,170,2,9,2300.0,645.329,50.0,76192.0,66895,0,ex4
left,forward,170,2,10,2300.0,645.329,50.0,76242.0,67010,0,ex4
left,forward,170,2,11,2300.0,645.329,50.0,76292.0,67125,0,ex4
left,forward,170,2,12,2280.0,639.717,50.0,76342.0,67239,0,ex4
left,forward,170,2,13,2320.0,650.94,50.0,76392.0,67355,0,ex4
left,forward,170,2,14,2280.0,639.717,50.0,76442.0,67469,0,ex4
left,forward,170,2,15,2320.0,650.94,50.0,76492.0,67585,0,ex4
left,forward,170,2,16,2280.0,639.717,50.0,76542.0,67699,0,ex4
left,forward,170,2,17,2300.0,645.329,50.0,76592.0,67814,0,ex4
left,forward,170,2,18,2300.0,645.329,50.0,76642.0,67929,0,ex4
left,forward,170,2,19,2280.0,639.717,50.0,76692.0,68043,0,ex4
left,forward,170,2,20,2300.0,645.329,50.0,76742.0,68158,0,ex4
left,forward,170,3,1,2300.0,645.329,50.0,114811.0,105766,0,ex4
left,forward,170,3,2,2300.0,645.329,50.0,114861.0,105881,0,ex4
left,forward,170,3,3,2300.0,645.329,50.0,114911.0,105996,0,ex4
left,forward,170,3,4,2300.0,645.329,50.0,114961.0,106111,0,ex4
left,forward,170,3,5,2320.0,650.94,50.0,115011.0,106227,0,ex4
left,forward,170,3,6,2280.0,639.717,50.0,115061.0,106341,0,ex4
left,forward,170,3,7,2320.0,650.94,50.0,115111.0,106457,0,ex4
left,forward,170,3,8,2300.0,645.329,50.0,115161.0,106572,0,ex4
left,forward,170,3,9,2300.0,645.329,50.0,115211.0,106687,0,ex4
left,forward,170,3,10,2300.0,645.329,50.0,115261.0,106802,0,ex4
left,forward,170,3,11,2300.0,645.329,50.0,115311.0,106917,0,ex4
left,forward,170,3,12,2300.0,645.329,50.0,115361.0,107032,0,ex4
left,forward,170,3,13,2300.0,645.329,50.0,115411.0,107147,0,ex4
left,forward,170,3,14,2300.0,645.329,50.0,115461.0,107262,0,ex4
left,forward,170,3,15,2320.0,650.94,50.0,115511.0,107378,0,ex4
left,forward,170,3,16,2300.0,645.329,50.0,115561.0,107493,0,ex4
left,forward,170,3,17,2300.0,645.329,50.0,115611.0,107608,0,ex4
left,forward,170,3,18,2300.0,645.329,50.0,115661.0,107723,0,ex4
left,forward,170,3,19,2320.0,650.94,50.0,115711.0,107839,0,ex4
left,forward,170,3,20,2280.0,639.717,50.0,115761.0,107953,0,ex4
left,forward,170,4,1,2300.0,645.329,50.0,153830.0,145628,0,ex4
left,forward,170,4,2,2280.0,639.717,50.0,153880.0,145742,0,ex4
left,forward,170,4,3,2300.0,645.329,50.0,153930.0,145857,0,ex4
left,forward,170,4,4,2300.0,645.329,50.0,153980.0,145972,0,ex4
left,forward,170,4,5,2300.0,645.329,50.0,154030.0,146087,0,ex4
left,forward,170,4,6,2313.726,649.18,51.0,154081.0,146205,0,ex4
left,forward,170,4,7,2300.0,645.329,50.0,154131.0,146320,0,ex4
left,forward,170,4,8,2300.0,645.329,50.0,154181.0,146435,0,ex4
left,forward,170,4,9,2280.0,639.717,50.0,154231.0,146549,0,ex4
left,forward,170,4,10,2320.0,650.94,50.0,154281.0,146665,0,ex4
left,forward,170,4,11,2280.0,639.717,50.0,154331.0,146779,0,ex4
left,forward,170,4,12,2300.0,645.329,50.0,154381.0,146894,0,ex4
left,forward,170,4,13,2300.0,645.329,50.0,154431.0,147009,0,ex4
left,forward,170,4,14,2300.0,645.329,50.0,154481.0,147124,0,ex4
left,forward,170,4,15,2300.0,645.329,50.0,154531.0,147239,0,ex4
left,forward,170,4,16,2300.0,645.329,50.0,154581.0,147354,0,ex4
left,forward,170,4,17,2300.0,645.329,50.0,154631.0,147469,0,ex4
left,forward,170,4,18,2300.0,645.329,50.0,154681.0,147584,0,ex4
left,forward,170,4,19,2300.0,645.329,50.0,154731.0,147699,0,ex4
left,forward,170,4,20,2300.0,645.329,50.0,154781.0,147814,0,ex4
left,forward,170,5,1,2300.0,645.329,50.0,192850.0,185520,0,ex4
left,forward,170,5,2,2300.0,645.329,50.0,192900.0,185635,0,ex4
left,forward,170,5,3,2320.0,650.94,50.0,192950.0,185751,0,ex4
left,forward,170,5,4,2300.0,645.329,50.0,193000.0,185866,0,ex4
left,forward,170,5,5,2300.0,645.329,50.0,193050.0,185981,0,ex4
left,forward,170,5,6,2320.0,650.94,50.0,193100.0,186097,0,ex4
left,forward,170,5,7,2300.0,645.329,50.0,193150.0,186212,0,ex4
left,forward,170,5,8,2300.0,645.329,50.0,193200.0,186327,0,ex4
left,forward,170,5,9,2320.0,650.94,50.0,193250.0,186443,0,ex4
left,forward,170,5,10,2300.0,645.329,50.0,193300.0,186558,0,ex4
left,forward,170,5,11,2300.0,645.329,50.0,193350.0,186673,0,ex4
left,forward,170,5,12,2320.0,650.94,50.0,193400.0,186789,0,ex4
left,forward,170,5,13,2300.0,645.329,50.0,193450.0,186904,0,ex4
left,forward,170,5,14,2300.0,645.329,50.0,193500.0,187019,0,ex4
left,forward,170,5,15,2300.0,645.329,50.0,193550.0,187134,0,ex4
left,forward,170,5,16,2300.0,645.329,50.0,193600.0,187249,0,ex4
left,forward,170,5,17,2300.0,645.329,50.0,193650.0,187364,0,ex4
left,forward,170,5,18,2300.0,645.329,50.0,193700.0,187479,0,ex4
left,forward,170,5,19,2300.0,645.329,50.0,193750.0,187594,0,ex4
left,forward,170,5,20,2300.0,645.329,50.0,193800.0,187709,0,ex4
