trial_num,sample_num,timestamp_ms,requested_left_pwm,requested_right_pwm,left_encoder_count,right_encoder_count,left_speed_mm_s,right_speed_mm_s
1,0,17103,60,60,0,8,0.000,44.892
1,1,17156,60,60,12,41,63.527,174.699
1,2,17206,60,60,40,77,157.123,202.016
1,3,17256,60,60,74,115,190.793,213.239
1,4,17306,60,60,109,152,196.404,207.627
1,5,17356,60,60,146,190,207.627,213.239
1,6,17406,60,60,184,228,213.239,213.239
1,7,17456,60,60,221,265,207.627,207.627
1,8,17506,60,60,258,303,207.627,213.239
1,9,17556,60,60,296,340,213.239,207.627
1,10,17606,60,60,334,378,213.239,213.239
1,11,17656,60,60,372,416,213.239,213.239
1,12,17706,60,60,410,454,213.239,213.239
1,13,17756,60,60,448,492,213.239,213.239
1,14,17806,60,60,485,529,207.627,207.627
1,15,17856,60,60,524,567,218.851,213.239
1,16,17906,60,60,561,605,207.627,213.239
1,17,17956,60,60,599,643,213.239,213.239
1,18,18006,60,60,637,680,213.239,207.627
1,19,18056,60,60,675,718,213.239,213.239
1,20,18106,60,60,713,756,213.239,213.239
1,21,18156,60,60,751,794,213.239,213.239
1,22,18206,60,60,789,831,213.239,207.627
1,23,18256,60,60,827,869,213.239,213.239
1,24,18306,60,60,865,907,213.239,213.239
1,25,18356,60,60,903,945,213.239,213.239
1,26,18406,60,60,941,982,213.239,207.627
1,27,18456,60,60,978,1020,207.627,213.239
1,28,18506,60,60,1016,1058,213.239,213.239
1,29,18556,60,60,1054,1096,213.239,213.239
1,30,18606,60,60,1092,1133,213.239,207.627
1,31,18656,60,60,1130,1171,213.239,213.239
1,32,18706,60,60,1167,1209,207.627,213.239
1,33,18756,60,60,1205,1247,213.239,213.239
1,34,18806,60,60,1243,1284,213.239,207.627
1,35,18856,60,60,1281,1322,213.239,213.239
1,36,18906,60,60,1319,1360,213.239,213.239
1,37,18956,60,60,1356,1398,207.627,213.239
1,38,19006,60,60,1394,1435,213.239,207.627
1,39,19056,60,60,1432,1473,213.239,213.239
1,40,19106,60,60,1470,1511,213.239,213.239
1,41,19156,60,60,1507,1548,207.627,207.627
1,42,19206,60,60,1545,1586,213.239,213.239
1,43,19256,60,60,1582,1624,207.627,213.239
1,44,19306,60,60,1620,1662,213.239,213.239
1,45,19356,60,60,1658,1700,213.239,213.239
1,46,19406,60,60,1695,1737,207.627,207.627
1,47,19456,60,60,1733,1775,213.239,213.239
1,48,19506,60,60,1771,1813,213.239,213.239
1,49,19556,60,60,1808,1850,207.627,207.627
1,50,19606,60,60,1846,1888,213.239,213.239
1,51,19656,60,60,1883,1926,207.627,213.239
1,52,19706,60,60,1921,1964,213.239,213.239
1,53,19756,60,60,1958,2002,207.627,213.239
1,54,19806,60,60,1996,2039,213.239,207.627
1,55,19856,60,60,2034,2077,213.239,213.239
1,56,19906,60,60,2071,2115,207.627,213.239
1,57,19956,60,60,2109,2152,213.239,207.627
1,58,20006,60,60,2146,2190,207.627,213.239
1,59,20056,60,60,2184,2228,213.239,213.239
1,60,20106,60,60,2221,2266,207.627,213.239
1,61,20156,60,60,2259,2304,213.239,213.239
1,62,20206,60,60,2296,2341,207.627,207.627
1,63,20256,60,60,2334,2379,213.239,213.239
1,64,20306,60,60,2372,2417,213.239,213.239
1,65,20356,60,60,2409,2455,207.627,213.239
1,66,20406,60,60,2446,2492,207.627,207.627
1,67,20456,60,60,2484,2530,213.239,213.239
1,68,20506,60,60,2521,2568,207.627,213.239
1,69,20556,60,60,2559,2606,213.239,213.239
1,70,20606,60,60,2596,2644,207.627,213.239
1,71,20656,60,60,2634,2681,213.239,207.627
1,72,20706,60,60,2671,2719,207.627,213.239
1,73,20756,60,60,2708,2757,207.627,213.239
1,74,20806,60,60,2746,2795,213.239,213.239
1,75,20856,60,60,2784,2833,213.239,213.239
1,76,20906,60,60,2821,2870,207.627,207.627
1,77,20956,60,60,2858,2908,207.627,213.239
1,78,21006,60,60,2896,2946,213.239,213.239
1,79,21056,60,60,2933,2984,207.627,213.239
1,80,21106,60,60,2970,3022,207.627,213.239
1,81,21156,60,60,3008,3060,213.239,213.239
1,82,21206,60,60,3045,3097,207.627,207.627
1,83,21256,60,60,3083,3135,213.239,213.239
1,84,21306,60,60,3120,3173,207.627,213.239
1,85,21356,60,60,3158,3211,213.239,213.239
1,86,21406,60,60,3195,3248,207.627,207.627
1,87,21456,60,60,3232,3286,207.627,213.239
1,88,21506,60,60,3270,3324,213.239,213.239
1,89,21556,60,60,3307,3362,207.627,213.239
1,90,21606,60,60,3344,3400,207.627,213.239
1,91,21656,60,60,3382,3438,213.239,213.239
1,92,21706,60,60,3419,3476,207.627,213.239
1,93,21756,60,60,3457,3513,213.239,207.627
1,94,21806,60,60,3494,3551,207.627,213.239
1,95,21856,60,60,3531,3589,207.627,213.239
1,96,21906,60,60,3569,3627,213.239,213.239
1,97,21956,60,60,3606,3664,207.627,207.627
1,98,22006,60,60,3643,3702,207.627,213.239
1,99,22056,60,60,3681,3740,213.239,213.239
1,100,22106,60,60,3718,3778,207.627,213.239
1,101,22156,60,60,3755,3816,207.627,213.239
1,102,22206,60,60,3793,3854,213.239,213.239
1,103,22256,60,60,3830,3891,207.627,207.627
1,104,22306,60,60,3868,3929,213.239,213.239
1,105,22356,60,60,3905,3967,207.627,213.239
1,106,22406,60,60,3942,4005,207.627,213.239
1,107,22456,60,60,3980,4042,213.239,207.627
1,108,22506,60,60,4017,4080,207.627,213.239
1,109,22556,60,60,4054,4118,207.627,213.239
1,110,22606,60,60,4092,4156,213.239,213.239
1,111,22656,60,60,4129,4194,207.627,213.239
1,112,22706,60,60,4166,4232,207.627,213.239
1,113,22756,60,60,4204,4269,213.239,207.627
1,114,22806,60,60,4241,4307,207.627,213.239
1,115,22856,60,60,4278,4345,207.627,213.239
1,116,22906,60,60,4316,4383,213.239,213.239
1,117,22956,60,60,4353,4420,207.627,207.627
1,118,23006,60,60,4390,4458,207.627,213.239
1,119,23056,60,60,4428,4496,213.239,213.239
1,120,23106,60,60,4465,4534,207.627,213.239
1,121,23156,60,60,4502,4572,207.627,213.239
1,122,23206,60,60,4540,4610,213.239,213.239
1,123,23256,60,60,4577,4648,207.627,213.239
1,124,23306,60,60,4614,4685,207.627,207.627
1,125,23356,60,60,4652,4723,213.239,213.239
1,126,23406,60,60,4689,4761,207.627,213.239
1,127,23456,60,60,4726,4799,207.627,213.239
1,128,23506,60,60,4764,4837,213.239,213.239
1,129,23556,60,60,4801,4874,207.627,207.627
1,130,23606,60,60,4838,4912,207.627,213.239
1,131,23656,60,60,4876,4950,213.239,213.239
1,132,23706,60,60,4913,4988,207.627,213.239
1,133,23756,60,60,4950,5025,207.627,207.627
1,134,23806,60,60,4988,5063,213.239,213.239
1,135,23856,60,60,5025,5101,207.627,213.239
1,136,23906,60,60,5063,5139,213.239,213.239
1,137,23956,60,60,5100,5176,207.627,207.627
1,138,24006,60,60,5137,5214,207.627,213.239
1,139,24057,60,60,5175,5253,209.058,214.559
1,140,24107,60,60,5213,5291,213.239,213.239
1,141,24157,60,60,5250,5328,207.627,207.627
1,142,24207,60,60,5287,5366,207.627,213.239
1,143,24257,60,60,5325,5404,213.239,213.239
1,144,24307,60,60,5362,5442,207.627,213.239
1,145,24357,60,60,5400,5480,213.239,213.239
1,146,24407,60,60,5437,5517,207.627,207.627
1,147,24457,60,60,5474,5555,207.627,213.239
1,148,24507,60,60,5511,5593,207.627,213.239
1,149,24557,60,60,5549,5631,213.239,213.239
1,150,24607,60,60,5586,5668,207.627,207.627
1,151,24657,60,60,5624,5706,213.239,213.239
1,152,24707,60,60,5661,5744,207.627,213.239
1,153,24757,60,60,5698,5782,207.627,213.239
1,154,24807,60,60,5736,5819,213.239,207.627
1,155,24857,60,60,5773,5857,207.627,213.239
1,156,24907,60,60,5810,5895,207.627,213.239
1,157,24957,60,60,5847,5933,207.627,213.239
1,158,25007,60,60,5885,5971,213.239,213.239
1,159,25057,60,60,5922,6008,207.627,207.627
1,160,25107,60,60,5960,6046,213.239,213.239
1,161,25157,60,60,5997,6084,207.627,213.239
1,162,25207,60,60,6034,6122,207.627,213.239
1,163,25257,60,60,6072,6160,213.239,213.239
1,164,25307,60,60,6109,6197,207.627,207.627
1,165,25357,60,60,6146,6235,207.627,213.239
1,166,25407,60,60,6184,6273,213.239,213.239
1,167,25457,60,60,6221,6311,207.627,213.239
1,168,25507,60,60,6258,6349,207.627,213.239
1,169,25557,60,60,6296,6386,213.239,207.627
1,170,25607,60,60,6333,6424,207.627,213.239
1,171,25657,60,60,6370,6462,207.627,213.239
1,172,25707,60,60,6408,6500,213.239,213.239
1,173,25757,60,60,6445,6537,207.627,207.627
1,174,25807,60,60,6482,6575,207.627,213.239
1,175,25857,60,60,6520,6613,213.239,213.239
1,176,25907,60,60,6557,6651,207.627,213.239
1,177,25957,60,60,6594,6689,207.627,213.239
1,178,26007,60,60,6632,6726,213.239,207.627
1,179,26058,60,60,6670,6765,209.058,214.559
1,180,26108,60,60,6707,6803,207.627,213.239
1,181,26158,60,60,6744,6841,207.627,213.239
1,182,26208,60,60,6782,6878,213.239,207.627
1,183,26258,60,60,6819,6916,207.627,213.239
1,184,26308,60,60,6856,6954,207.627,213.239
1,185,26358,60,60,6894,6992,213.239,213.239
1,186,26408,60,60,6931,7030,207.627,213.239
1,187,26458,60,60,6968,7068,207.627,213.239
1,188,26508,60,60,7006,7105,213.239,207.627
1,189,26558,60,60,7043,7143,207.627,213.239
1,190,26608,60,60,7080,7181,207.627,213.239
1,191,26658,60,60,7118,7219,213.239,213.239
1,192,26708,60,60,7155,7256,207.627,207.627
1,193,26758,60,60,7192,7294,207.627,213.239
1,194,26808,60,60,7230,7332,213.239,213.239
1,195,26858,60,60,7267,7370,207.627,213.239
1,196,26908,60,60,7304,7408,207.627,213.239
1,197,26958,60,60,7342,7446,213.239,213.239
1,198,27008,60,60,7379,7484,207.627,213.239
1,199,27058,60,60,7417,7521,213.239,207.627
2,0,29709,60,60,7493,7580,5.612,44.892
2,1,29759,60,60,7510,7610,95.396,168.347
2,2,29809,60,60,7538,7646,157.123,202.016
2,3,29859,60,60,7572,7684,190.793,213.239
2,4,29909,60,60,7607,7721,196.404,207.627
2,5,29959,60,60,7644,7759,207.627,213.239
2,6,30009,60,60,7680,7797,202.016,213.239
2,7,30060,60,60,7718,7835,209.058,209.058
2,8,30110,60,60,7755,7873,207.627,213.239
2,9,30160,60,60,7792,7910,207.627,207.627
2,10,30210,60,60,7829,7948,207.627,213.239
2,11,30260,60,60,7867,7986,213.239,213.239
2,12,30310,60,60,7904,8023,207.627,207.627
2,13,30360,60,60,7942,8061,213.239,213.239
2,14,30410,60,60,7979,8099,207.627,213.239
2,15,30460,60,60,8016,8137,207.627,213.239
2,16,30510,60,60,8054,8174,213.239,207.627
2,17,30560,60,60,8091,8212,207.627,213.239
2,18,30610,60,60,8129,8250,213.239,213.239
2,19,30660,60,60,8166,8288,207.627,213.239
2,20,30710,60,60,8204,8326,213.239,213.239
2,21,30760,60,60,8241,8363,207.627,207.627
2,22,30810,60,60,8278,8401,207.627,213.239
2,23,30860,60,60,8316,8439,213.239,213.239
2,24,30910,60,60,8353,8477,207.627,213.239
2,25,30960,60,60,8390,8515,207.627,213.239
2,26,31010,60,60,8428,8552,213.239,207.627
2,27,31060,60,60,8465,8590,207.627,213.239
2,28,31110,60,60,8503,8628,213.239,213.239
2,29,31160,60,60,8540,8666,207.627,213.239
2,30,31210,60,60,8578,8704,213.239,213.239
2,31,31260,60,60,8615,8741,207.627,207.627
2,32,31310,60,60,8652,8779,207.627,213.239
2,33,31360,60,60,8690,8817,213.239,213.239
2,34,31410,60,60,8727,8855,207.627,213.239
2,35,31460,60,60,8764,8893,207.627,213.239
2,36,31510,60,60,8802,8930,213.239,207.627
2,37,31560,60,60,8839,8968,207.627,213.239
2,38,31610,60,60,8876,9006,207.627,213.239
2,39,31660,60,60,8914,9044,213.239,213.239
2,40,31710,60,60,8951,9082,207.627,213.239
2,41,31760,60,60,8989,9120,213.239,213.239
2,42,31810,60,60,9026,9157,207.627,207.627
2,43,31860,60,60,9063,9195,207.627,213.239
2,44,31910,60,60,9101,9233,213.239,213.239
2,45,31960,60,60,9138,9271,207.627,213.239
2,46,32010,60,60,9176,9308,213.239,207.627
2,47,32061,60,60,9214,9347,209.058,214.559
2,48,32111,60,60,9251,9385,207.627,213.239
2,49,32161,60,60,9288,9422,207.627,207.627
2,50,32211,60,60,9326,9460,213.239,213.239
2,51,32261,60,60,9363,9498,207.627,213.239
2,52,32311,60,60,9400,9536,207.627,213.239
2,53,32361,60,60,9438,9574,213.239,213.239
2,54,32411,60,60,9475,9612,207.627,213.239
2,55,32461,60,60,9512,9649,207.627,207.627
2,56,32511,60,60,9550,9687,213.239,213.239
2,57,32561,60,60,9587,9725,207.627,213.239
2,58,32611,60,60,9624,9762,207.627,207.627
2,59,32661,60,60,9662,9800,213.239,213.239
2,60,32711,60,60,9699,9838,207.627,213.239
2,61,32761,60,60,9736,9876,207.627,213.239
2,62,32811,60,60,9774,9914,213.239,213.239
2,63,32861,60,60,9811,9952,207.627,213.239
2,64,32911,60,60,9848,9989,207.627,207.627
2,65,32961,60,60,9886,10027,213.239,213.239
2,66,33011,60,60,9923,10065,207.627,213.239
2,67,33061,60,60,9961,10103,213.239,213.239
2,68,33111,60,60,9998,10140,207.627,207.627
2,69,33161,60,60,10035,10178,207.627,213.239
2,70,33211,60,60,10073,10216,213.239,213.239
2,71,33261,60,60,10110,10254,207.627,213.239
2,72,33311,60,60,10147,10292,207.627,213.239
2,73,33361,60,60,10184,10330,207.627,213.239
2,74,33411,60,60,10222,10367,213.239,207.627
2,75,33461,60,60,10259,10405,207.627,213.239
2,76,33511,60,60,10297,10443,213.239,213.239
2,77,33561,60,60,10334,10480,207.627,207.627
2,78,33611,60,60,10371,10518,207.627,213.239
2,79,33661,60,60,10409,10556,213.239,213.239
2,80,33711,60,60,10446,10594,207.627,213.239
2,81,33761,60,60,10483,10632,207.627,213.239
2,82,33811,60,60,10521,10670,213.239,213.239
2,83,33861,60,60,10558,10707,207.627,207.627
2,84,33911,60,60,10595,10745,207.627,213.239
2,85,33961,60,60,10633,10783,213.239,213.239
2,86,34011,60,60,10670,10821,207.627,213.239
2,87,34062,60,60,10708,10859,209.058,209.058
2,88,34112,60,60,10746,10897,213.239,213.239
2,89,34162,60,60,10783,10935,207.627,213.239
2,90,34212,60,60,10820,10973,207.627,213.239
2,91,34262,60,60,10858,11011,213.239,213.239
2,92,34312,60,60,10895,11048,207.627,207.627
2,93,34362,60,60,10932,11086,207.627,213.239
2,94,34412,60,60,10970,11124,213.239,213.239
2,95,34462,60,60,11007,11162,207.627,213.239
2,96,34512,60,60,11044,11199,207.627,207.627
2,97,34562,60,60,11082,11237,213.239,213.239
2,98,34612,60,60,11119,11275,207.627,213.239
2,99,34662,60,60,11156,11313,207.627,213.239
2,100,34712,60,60,11194,11351,213.239,213.239
2,101,34762,60,60,11231,11388,207.627,207.627
2,102,34812,60,60,11268,11426,207.627,213.239
2,103,34862,60,60,11305,11464,207.627,213.239
2,104,34912,60,60,11343,11502,213.239,213.239
2,105,34962,60,60,11380,11539,207.627,207.627
2,106,35012,60,60,11418,11577,213.239,213.239
2,107,35062,60,60,11455,11615,207.627,213.239
2,108,35112,60,60,11492,11653,207.627,213.239
2,109,35162,60,60,11530,11691,213.239,213.239
2,110,35212,60,60,11567,11728,207.627,207.627
2,111,35262,60,60,11604,11766,207.627,213.239
2,112,35312,60,60,11642,11804,213.239,213.239
2,113,35362,60,60,11679,11842,207.627,213.239
2,114,35412,60,60,11716,11880,207.627,213.239
2,115,35462,60,60,11754,11917,213.239,207.627
2,116,35512,60,60,11791,11955,207.627,213.239
2,117,35562,60,60,11829,11993,213.239,213.239
2,118,35612,60,60,11866,12031,207.627,213.239
2,119,35662,60,60,11903,12069,207.627,213.239
2,120,35712,60,60,11941,12106,213.239,207.627
2,121,35762,60,60,11978,12144,207.627,213.239
2,122,35812,60,60,12015,12182,207.627,213.239
2,123,35862,60,60,12053,12220,213.239,213.239
2,124,35912,60,60,12090,12257,207.627,207.627
2,125,35962,60,60,12128,12295,213.239,213.239
2,126,36012,60,60,12165,12333,207.627,213.239
2,127,36063,60,60,12203,12372,209.058,214.559
2,128,36113,60,60,12240,12409,207.627,207.627
2,129,36163,60,60,12278,12447,213.239,213.239
2,130,36213,60,60,12315,12485,207.627,213.239
2,131,36263,60,60,12352,12522,207.627,207.627
2,132,36313,60,60,12390,12560,213.239,213.239
2,133,36363,60,60,12427,12598,207.627,213.239
2,134,36413,60,60,12465,12636,213.239,213.239
2,135,36463,60,60,12502,12673,207.627,207.627
2,136,36513,60,60,12540,12711,213.239,213.239
2,137,36563,60,60,12577,12749,207.627,213.239
2,138,36613,60,60,12614,12787,207.627,213.239
2,139,36663,60,60,12652,12824,213.239,207.627
2,140,36713,60,60,12689,12862,207.627,213.239
2,141,36763,60,60,12726,12900,207.627,213.239
2,142,36813,60,60,12764,12937,213.239,207.627
2,143,36863,60,60,12802,12975,213.239,213.239
2,144,36913,60,60,12839,13012,207.627,207.627
2,145,36963,60,60,12877,13050,213.239,213.239
2,146,37013,60,60,12914,13087,207.627,207.627
2,147,37063,60,60,12952,13125,213.239,213.239
2,148,37113,60,60,12990,13162,213.239,207.627
2,149,37163,60,60,13027,13200,207.627,213.239
2,150,37213,60,60,13064,13238,207.627,213.239
2,151,37263,60,60,13102,13275,213.239,207.627
2,152,37313,60,60,13140,13313,213.239,213.239
2,153,37363,60,60,13177,13350,207.627,207.627
2,154,37413,60,60,13214,13388,207.627,213.239
2,155,37463,60,60,13252,13426,213.239,213.239
2,156,37513,60,60,13289,13463,207.627,207.627
2,157,37563,60,60,13327,13501,213.239,213.239
2,158,37613,60,60,13364,13538,207.627,207.627
2,159,37663,60,60,13402,13576,213.239,213.239
2,160,37713,60,60,13439,13614,207.627,213.239
2,161,37763,60,60,13476,13652,207.627,213.239
2,162,37813,60,60,13514,13689,213.239,207.627
2,163,37863,60,60,13551,13727,207.627,213.239
2,164,37913,60,60,13588,13764,207.627,207.627
2,165,37963,60,60,13626,13802,213.239,213.239
2,166,38013,60,60,13663,13840,207.627,213.239
2,167,38064,60,60,13701,13878,209.058,209.058
2,168,38114,60,60,13739,13916,213.239,213.239
2,169,38164,60,60,13776,13953,207.627,207.627
2,170,38214,60,60,13814,13991,213.239,213.239
2,171,38264,60,60,13851,14028,207.627,207.627
2,172,38314,60,60,13889,14066,213.239,213.239
2,173,38364,60,60,13926,14104,207.627,213.239
2,174,38414,60,60,13964,14141,213.239,207.627
2,175,38464,60,60,14001,14179,207.627,213.239
2,176,38514,60,60,14038,14216,207.627,207.627
2,177,38564,60,60,14076,14254,213.239,213.239
2,178,38614,60,60,14114,14291,213.239,207.627
2,179,38664,60,60,14151,14329,207.627,213.239
2,180,38714,60,60,14188,14366,207.627,207.627
2,181,38764,60,60,14226,14404,213.239,213.239
2,182,38814,60,60,14263,14442,207.627,213.239
2,183,38864,60,60,14301,14479,213.239,207.627
2,184,38914,60,60,14338,14516,207.627,207.627
2,185,38964,60,60,14376,14554,213.239,213.239
2,186,39014,60,60,14413,14592,207.627,213.239
2,187,39064,60,60,14451,14629,213.239,207.627
2,188,39114,60,60,14488,14667,207.627,213.239
2,189,39164,60,60,14526,14704,213.239,207.627
2,190,39214,60,60,14563,14742,207.627,213.239
2,191,39264,60,60,14601,14779,213.239,207.627
2,192,39314,60,60,14638,14817,207.627,213.239
2,193,39364,60,60,14676,14854,213.239,207.627
2,194,39414,60,60,14713,14892,207.627,213.239
2,195,39464,60,60,14751,14929,213.239,207.627
2,196,39514,60,60,14788,14967,207.627,213.239
2,197,39564,60,60,14826,15004,213.239,207.627
2,198,39614,60,60,14863,15042,207.627,213.239
2,199,39664,60,60,14901,15079,213.239,207.627
3,0,41315,60,60,14981,15140,5.612,44.892
3,1,41365,60,60,14998,15170,95.396,168.347
3,2,41415,60,60,15026,15207,157.123,207.627
3,3,41465,60,60,15060,15244,190.793,207.627
3,4,41515,60,60,15095,15282,196.404,213.239
3,5,41565,60,60,15131,15319,202.016,207.627
3,6,41615,60,60,15168,15356,207.627,207.627
3,7,41665,60,60,15205,15394,207.627,213.239
3,8,41715,60,60,15242,15432,207.627,213.239
3,9,41765,60,60,15278,15469,202.016,207.627
3,10,41815,60,60,15316,15506,213.239,207.627
3,11,41865,60,60,15354,15544,213.239,213.239
3,12,41915,60,60,15391,15581,207.627,207.627
3,13,41965,60,60,15429,15619,213.239,213.239
3,14,42015,60,60,15466,15656,207.627,207.627
3,15,42066,60,60,15504,15695,209.058,214.559
3,16,42116,60,60,15542,15732,213.239,207.627
3,17,42166,60,60,15580,15770,213.239,213.239
3,18,42216,60,60,15617,15807,207.627,207.627
3,19,42266,60,60,15655,15845,213.239,213.239
3,20,42316,60,60,15692,15882,207.627,207.627
3,21,42366,60,60,15730,15920,213.239,213.239
3,22,42416,60,60,15767,15957,207.627,207.627
3,23,42466,60,60,15805,15994,213.239,207.627
3,24,42516,60,60,15842,16032,207.627,213.239
3,25,42566,60,60,15880,16069,213.239,207.627
3,26,42616,60,60,15917,16107,207.627,213.239
3,27,42666,60,60,15955,16144,213.239,207.627
3,28,42716,60,60,15992,16182,207.627,213.239
3,29,42766,60,60,16030,16219,213.239,207.627
3,30,42816,60,60,16068,16257,213.239,213.239
3,31,42866,60,60,16105,16294,207.627,207.627
3,32,42916,60,60,16143,16332,213.239,213.239
3,33,42966,60,60,16180,16369,207.627,207.627
3,34,43016,60,60,16218,16406,213.239,207.627
3,35,43066,60,60,16256,16444,213.239,213.239
3,36,43116,60,60,16293,16481,207.627,207.627
3,37,43166,60,60,16330,16519,207.627,213.239
3,38,43216,60,60,16368,16556,213.239,207.627
3,39,43266,60,60,16405,16594,207.627,213.239
3,40,43316,60,60,16443,16631,213.239,207.627
3,41,43366,60,60,16480,16669,207.627,213.239
3,42,43416,60,60,16518,16706,213.239,207.627
3,43,43466,60,60,16556,16744,213.239,213.239
3,44,43516,60,60,16593,16781,207.627,207.627
3,45,43566,60,60,16631,16818,213.239,207.627
3,46,43616,60,60,16668,16856,207.627,213.239
3,47,43666,60,60,16706,16893,213.239,207.627
3,48,43716,60,60,16743,16931,207.627,213.239
3,49,43766,60,60,16781,16968,213.239,207.627
3,50,43816,60,60,16818,17006,207.627,213.239
3,51,43866,60,60,16856,17043,213.239,207.627
3,52,43916,60,60,16893,17080,207.627,207.627
3,53,43966,60,60,16931,17118,213.239,213.239
3,54,44016,60,60,16968,17155,207.627,207.627
3,55,44067,60,60,17007,17194,214.559,214.559
3,56,44117,60,60,17044,17231,207.627,207.627
3,57,44167,60,60,17082,17268,213.239,207.627
3,58,44217,60,60,17119,17306,207.627,213.239
3,59,44267,60,60,17157,17343,213.239,207.627
3,60,44317,60,60,17194,17381,207.627,213.239
3,61,44367,60,60,17232,17418,213.239,207.627
3,62,44417,60,60,17269,17456,207.627,213.239
3,63,44467,60,60,17307,17493,213.239,207.627
3,64,44517,60,60,17344,17531,207.627,213.239
3,65,44567,60,60,17382,17568,213.239,207.627
3,66,44617,60,60,17419,17605,207.627,207.627
3,67,44667,60,60,17457,17643,213.239,213.239
3,68,44717,60,60,17494,17680,207.627,207.627
3,69,44767,60,60,17532,17718,213.239,213.239
3,70,44817,60,60,17570,17755,213.239,207.627
3,71,44867,60,60,17607,17792,207.627,207.627
3,72,44917,60,60,17645,17830,213.239,213.239
3,73,44967,60,60,17682,17867,207.627,207.627
3,74,45017,60,60,17720,17905,213.239,213.239
3,75,45067,60,60,17757,17942,207.627,207.627
3,76,45117,60,60,17795,17980,213.239,213.239
3,77,45167,60,60,17832,18017,207.627,207.627
3,78,45217,60,60,17870,18055,213.239,213.239
3,79,45267,60,60,17907,18092,207.627,207.627
3,80,45317,60,60,17945,18129,213.239,207.627
3,81,45367,60,60,17982,18167,207.627,213.239
3,82,45417,60,60,18020,18204,213.239,207.627
3,83,45467,60,60,18057,18242,207.627,213.239
3,84,45517,60,60,18095,18279,213.239,207.627
3,85,45567,60,60,18132,18316,207.627,207.627
3,86,45617,60,60,18170,18354,213.239,213.239
3,87,45667,60,60,18208,18391,213.239,207.627
3,88,45717,60,60,18245,18429,207.627,213.239
3,89,45767,60,60,18283,18466,213.239,207.627
3,90,45817,60,60,18320,18504,207.627,213.239
3,91,45867,60,60,18358,18541,213.239,207.627
3,92,45917,60,60,18395,18579,207.627,213.239
3,93,45967,60,60,18433,18616,213.239,207.627
3,94,46017,60,60,18470,18653,207.627,207.627
3,95,46068,60,60,18509,18692,214.559,214.559
3,96,46118,60,60,18546,18729,207.627,207.627
3,97,46168,60,60,18584,18766,213.239,207.627
3,98,46218,60,60,18621,18804,207.627,213.239
3,99,46268,60,60,18659,18841,213.239,207.627
3,100,46318,60,60,18696,18879,207.627,213.239
3,101,46368,60,60,18734,18916,213.239,207.627
3,102,46418,60,60,18771,18954,207.627,213.239
3,103,46468,60,60,18808,18991,207.627,207.627
3,104,46518,60,60,18846,19028,213.239,207.627
3,105,46568,60,60,18884,19066,213.239,213.239
3,106,46618,60,60,18921,19103,207.627,207.627
3,107,46668,60,60,18959,19141,213.239,213.239
3,108,46718,60,60,18996,19178,207.627,207.627
3,109,46768,60,60,19034,19215,213.239,207.627
3,110,46818,60,60,19071,19253,207.627,213.239
3,111,46868,60,60,19109,19290,213.239,207.627
3,112,46918,60,60,19146,19328,207.627,213.239
3,113,46968,60,60,19184,19365,213.239,207.627
3,114,47018,60,60,19221,19402,207.627,207.627
3,115,47068,60,60,19259,19440,213.239,213.239
3,116,47118,60,60,19296,19477,207.627,207.627
3,117,47168,60,60,19334,19515,213.239,213.239
3,118,47218,60,60,19372,19552,213.239,207.627
3,119,47268,60,60,19409,19590,207.627,213.239
3,120,47318,60,60,19446,19627,207.627,207.627
3,121,47368,60,60,19484,19664,213.239,207.627
3,122,47418,60,60,19521,19702,207.627,213.239
3,123,47468,60,60,19559,19739,213.239,207.627
3,124,47518,60,60,19596,19776,207.627,207.627
3,125,47568,60,60,19634,19814,213.239,213.239
3,126,47618,60,60,19672,19851,213.239,207.627
3,127,47668,60,60,19709,19888,207.627,207.627
3,128,47718,60,60,19747,19926,213.239,213.239
3,129,47768,60,60,19784,19963,207.627,207.627
3,130,47818,60,60,19822,20001,213.239,213.239
3,131,47868,60,60,19859,20038,207.627,207.627
3,132,47918,60,60,19897,20076,213.239,213.239
3,133,47968,60,60,19934,20113,207.627,207.627
3,134,48018,60,60,19972,20150,213.239,207.627
3,135,48069,60,60,20010,20189,209.058,214.559
3,136,48119,60,60,20048,20226,213.239,207.627
3,137,48169,60,60,20085,20264,207.627,213.239
3,138,48219,60,60,20122,20301,207.627,207.627
3,139,48269,60,60,20160,20338,213.239,207.627
3,140,48319,60,60,20197,20376,207.627,213.239
3,141,48369,60,60,20235,20413,213.239,207.627
3,142,48419,60,60,20272,20450,207.627,207.627
3,143,48469,60,60,20310,20488,213.239,213.239
3,144,48519,60,60,20348,20525,213.239,207.627
3,145,48569,60,60,20385,20563,207.627,213.239
3,146,48619,60,60,20423,20600,213.239,207.627
3,147,48669,60,60,20460,20637,207.627,207.627
3,148,48719,60,60,20498,20675,213.239,213.239
3,149,48769,60,60,20535,20712,207.627,207.627
3,150,48819,60,60,20573,20749,213.239,207.627
3,151,48869,60,60,20610,20787,207.627,213.239
3,152,48919,60,60,20648,20824,213.239,207.627
3,153,48969,60,60,20685,20862,207.627,213.239
3,154,49019,60,60,20723,20899,213.239,207.627
3,155,49069,60,60,20760,20936,207.627,207.627
3,156,49119,60,60,20798,20974,213.239,213.239
3,157,49169,60,60,20835,21011,207.627,207.627
3,158,49219,60,60,20873,21048,213.239,207.627
3,159,49269,60,60,20910,21086,207.627,213.239
3,160,49319,60,60,20948,21123,213.239,207.627
3,161,49369,60,60,20985,21160,207.627,207.627
3,162,49419,60,60,21023,21198,213.239,213.239
3,163,49469,60,60,21060,21235,207.627,207.627
3,164,49519,60,60,21098,21273,213.239,213.239
3,165,49569,60,60,21135,21310,207.627,207.627
3,166,49619,60,60,21173,21347,213.239,207.627
3,167,49669,60,60,21210,21385,207.627,213.239
3,168,49719,60,60,21248,21422,213.239,207.627
3,169,49769,60,60,21285,21459,207.627,207.627
3,170,49819,60,60,21323,21497,213.239,213.239
3,171,49869,60,60,21360,21534,207.627,207.627
3,172,49919,60,60,21398,21571,213.239,207.627
3,173,49969,60,60,21435,21609,207.627,213.239
3,174,50019,60,60,21473,21646,213.239,207.627
3,175,50070,60,60,21511,21684,209.058,209.058
3,176,50120,60,60,21548,21721,207.627,207.627
3,177,50170,60,60,21586,21759,213.239,213.239
3,178,50220,60,60,21623,21796,207.627,207.627
3,179,50270,60,60,21661,21833,213.239,207.627
3,180,50320,60,60,21698,21871,207.627,213.239
3,181,50370,60,60,21736,21908,213.239,207.627
3,182,50420,60,60,21773,21945,207.627,207.627
3,183,50470,60,60,21811,21983,213.239,213.239
3,184,50520,60,60,21848,22020,207.627,207.627
3,185,50570,60,60,21886,22057,213.239,207.627
3,186,50620,60,60,21923,22095,207.627,213.239
3,187,50670,60,60,21961,22132,213.239,207.627
3,188,50720,60,60,21998,22169,207.627,207.627
3,189,50770,60,60,22036,22206,213.239,207.627
3,190,50820,60,60,22073,22244,207.627,213.239
3,191,50870,60,60,22111,22281,213.239,207.627
3,192,50920,60,60,22148,22318,207.627,207.627
3,193,50970,60,60,22186,22356,213.239,213.239
3,194,51020,60,60,22223,22393,207.627,207.627
3,195,51070,60,60,22261,22430,213.239,207.627
3,196,51120,60,60,22298,22468,207.627,213.239
3,197,51170,60,60,22336,22505,213.239,207.627
3,198,51220,60,60,22373,22542,207.627,207.627
3,199,51270,60,60,22411,22580,213.239,213.239
