wheel,direction,PWM,trial_num,sample_num,speed_cps,speed_mm_s,dt_ms,time_ms,encoder_count,other_encoder_count,rest_residual_counts,rest_settled
left,forward,0,1,1,0.000,0.000,50.0,8268,0,0,0,1
left,forward,0,1,2,0.000,0.000,53.0,8321,0,0,0,1
left,forward,0,1,3,0.000,0.000,50.0,8371,0,0,0,1
left,forward,0,1,4,0.000,0.000,50.0,8421,0,0,0,1
left,forward,0,1,5,0.000,0.000,50.0,8471,0,0,0,1
left,forward,0,1,6,0.000,0.000,50.0,8521,0,0,0,1
left,forward,0,1,7,0.000,0.000,50.0,8571,0,0,0,1
left,forward,0,1,8,0.000,0.000,50.0,8621,0,0,0,1
left,forward,0,1,9,0.000,0.000,50.0,8671,0,0,0,1
left,forward,0,1,10,0.000,0.000,50.0,8721,0,0,0,1
left,forward,0,1,11,0.000,0.000,50.0,8771,0,0,0,1
left,forward,0,1,12,0.000,0.000,50.0,8821,0,0,0,1
left,forward,0,1,13,0.000,0.000,50.0,8871,0,0,0,1
left,forward,0,1,14,0.000,0.000,50.0,8921,0,0,0,1
left,forward,0,1,15,0.000,0.000,50.0,8971,0,0,0,1
left,forward,0,1,16,0.000,0.000,50.0,9021,0,0,0,1
left,forward,0,1,17,0.000,0.000,50.0,9071,0,0,0,1
left,forward,0,1,18,0.000,0.000,50.0,9121,0,0,0,1
left,forward,0,1,19,0.000,0.000,50.0,9171,0,0,0,1
left,forward,0,1,20,0.000,0.000,50.0,9221,0,0,0,1
left,forward,5,1,1,0.000,0.000,50.0,10271,0,0,0,1
left,forward,5,1,2,0.000,0.000,50.0,10321,0,0,0,1
left,forward,5,1,3,0.000,0.000,50.0,10371,0,0,0,1
left,forward,5,1,4,0.000,0.000,50.0,10421,0,0,0,1
left,forward,5,1,5,0.000,0.000,50.0,10471,0,0,0,1
left,forward,5,1,6,0.000,0.000,50.0,10521,0,0,0,1
left,forward,5,1,7,0.000,0.000,50.0,10571,0,0,0,1
left,forward,5,1,8,0.000,0.000,50.0,10621,0,0,0,1
left,forward,5,1,9,0.000,0.000,50.0,10671,0,0,0,1
left,forward,5,1,10,0.000,0.000,50.0,10721,0,0,0,1
left,forward,5,1,11,0.000,0.000,50.0,10771,0,0,0,1
left,forward,5,1,12,0.000,0.000,50.0,10821,0,0,0,1
left,forward,5,1,13,0.000,0.000,50.0,10871,0,0,0,1
left,forward,5,1,14,0.000,0.000,50.0,10921,0,0,0,1
left,forward,5,1,15,0.000,0.000,50.0,10971,0,0,0,1
left,forward,5,1,16,0.000,0.000,50.0,11021,0,0,0,1
left,forward,5,1,17,0.000,0.000,50.0,11071,0,0,0,1
left,forward,5,1,18,0.000,0.000,50.0,11121,0,0,0,1
left,forward,5,1,19,0.000,0.000,50.0,11171,0,0,0,1
left,forward,5,1,20,0.000,0.000,50.0,11221,0,0,0,1
left,forward,10,1,1,0.000,0.000,50.0,12271,0,0,0,1
left,forward,10,1,2,0.000,0.000,50.0,12321,0,0,0,1
left,forward,10,1,3,0.000,0.000,50.0,12371,0,0,0,1
left,forward,10,1,4,0.000,0.000,50.0,12421,0,0,0,1
left,forward,10,1,5,0.000,0.000,50.0,12471,0,0,0,1
left,forward,10,1,6,0.000,0.000,50.0,12521,0,0,0,1
left,forward,10,1,7,0.000,0.000,50.0,12571,0,0,0,1
left,forward,10,1,8,0.000,0.000,50.0,12621,0,0,0,1
left,forward,10,1,9,0.000,0.000,50.0,12671,0,0,0,1
left,forward,10,1,10,0.000,0.000,50.0,12721,0,0,0,1
left,forward,10,1,11,0.000,0.000,50.0,12771,0,0,0,1
left,forward,10,1,12,0.000,0.000,50.0,12821,0,0,0,1
left,forward,10,1,13,0.000,0.000,50.0,12871,0,0,0,1
left,forward,10,1,14,0.000,0.000,50.0,12921,0,0,0,1
left,forward,10,1,15,0.000,0.000,50.0,12971,0,0,0,1
left,forward,10,1,16,0.000,0.000,50.0,13021,0,0,0,1
left,forward,10,1,17,0.000,0.000,50.0,13071,0,0,0,1
left,forward,10,1,18,0.000,0.000,50.0,13121,0,0,0,1
left,forward,10,1,19,0.000,0.000,50.0,13171,0,0,0,1
left,forward,10,1,20,0.000,0.000,50.0,13221,0,0,0,1
left,forward,15,1,1,0.000,0.000,50.0,14271,0,0,0,1
left,forward,15,1,2,0.000,0.000,50.0,14321,0,0,0,1
left,forward,15,1,3,0.000,0.000,50.0,14371,0,0,0,1
left,forward,15,1,4,0.000,0.000,50.0,14421,0,0,0,1
left,forward,15,1,5,20.000,5.612,50.0,14471,1,0,0,1
left,forward,15,1,6,0.000,0.000,50.0,14521,1,0,0,1
left,forward,15,1,7,0.000,0.000,50.0,14571,1,0,0,1
left,forward,15,1,8,0.000,0.000,50.0,14621,1,0,0,1
left,forward,15,1,9,0.000,0.000,50.0,14671,1,0,0,1
left,forward,15,1,10,0.000,0.000,50.0,14721,1,0,0,1
left,forward,15,1,11,0.000,0.000,50.0,14771,1,0,0,1
left,forward,15,1,12,0.000,0.000,50.0,14821,1,0,0,1
left,forward,15,1,13,0.000,0.000,50.0,14871,1,0,0,1
left,forward,15,1,14,0.000,0.000,50.0,14921,1,0,0,1
left,forward,15,1,15,0.000,0.000,50.0,14971,1,0,0,1
left,forward,15,1,16,0.000,0.000,50.0,15021,1,0,0,1
left,forward,15,1,17,0.000,0.000,50.0,15071,1,0,0,1
left,forward,15,1,18,0.000,0.000,50.0,15121,1,0,0,1
left,forward,15,1,19,0.000,0.000,50.0,15171,1,0,0,1
left,forward,15,1,20,0.000,0.000,50.0,15221,1,0,0,1
left,forward,20,1,1,0.000,0.000,50.0,16272,1,0,0,1
left,forward,20,1,2,0.000,0.000,50.0,16322,1,0,0,1
left,forward,20,1,3,0.000,0.000,50.0,16372,1,0,0,1
left,forward,20,1,4,0.000,0.000,50.0,16422,1,0,0,1
left,forward,20,1,5,0.000,0.000,50.0,16472,1,0,0,1
left,forward,20,1,6,0.000,0.000,50.0,16522,1,0,0,1
left,forward,20,1,7,0.000,0.000,50.0,16572,1,0,0,1
left,forward,20,1,8,0.000,0.000,50.0,16622,1,0,0,1
left,forward,20,1,9,0.000,0.000,50.0,16672,1,0,0,1
left,forward,20,1,10,0.000,0.000,50.0,16722,1,0,0,1
left,forward,20,1,11,0.000,0.000,50.0,16772,1,0,0,1
left,forward,20,1,12,0.000,0.000,50.0,16822,1,0,0,1
left,forward,20,1,13,0.000,0.000,50.0,16872,1,0,0,1
left,forward,20,1,14,0.000,0.000,50.0,16922,1,0,0,1
left,forward,20,1,15,0.000,0.000,50.0,16972,1,0,0,1
left,forward,20,1,16,0.000,0.000,50.0,17022,1,0,0,1
left,forward,20,1,17,0.000,0.000,50.0,17072,1,0,0,1
left,forward,20,1,18,0.000,0.000,50.0,17122,1,0,0,1
left,forward,20,1,19,0.000,0.000,50.0,17172,1,0,0,1
left,forward,20,1,20,0.000,0.000,50.0,17222,1,0,0,1
left,forward,25,1,1,0.000,0.000,50.0,18273,1,0,0,1
left,forward,25,1,2,0.000,0.000,50.0,18323,1,0,0,1
left,forward,25,1,3,0.000,0.000,50.0,18373,1,0,0,1
left,forward,25,1,4,0.000,0.000,50.0,18423,1,0,0,1
left,forward,25,1,5,0.000,0.000,50.0,18473,1,0,0,1
left,forward,25,1,6,0.000,0.000,50.0,18523,1,0,0,1
left,forward,25,1,7,0.000,0.000,50.0,18573,1,0,0,1
left,forward,25,1,8,0.000,0.000,50.0,18623,1,0,0,1
left,forward,25,1,9,0.000,0.000,50.0,18673,1,0,0,1
left,forward,25,1,10,0.000,0.000,50.0,18723,1,0,0,1
left,forward,25,1,11,0.000,0.000,50.0,18773,1,0,0,1
left,forward,25,1,12,0.000,0.000,50.0,18823,1,0,0,1
left,forward,25,1,13,0.000,0.000,50.0,18873,1,0,0,1
left,forward,25,1,14,0.000,0.000,50.0,18923,1,0,0,1
left,forward,25,1,15,0.000,0.000,50.0,18973,1,0,0,1
left,forward,25,1,16,0.000,0.000,50.0,19023,1,0,0,1
left,forward,25,1,17,0.000,0.000,50.0,19073,1,0,0,1
left,forward,25,1,18,0.000,0.000,50.0,19123,1,0,0,1
left,forward,25,1,19,0.000,0.000,50.0,19173,1,0,0,1
left,forward,25,1,20,0.000,0.000,50.0,19223,1,0,0,1
left,forward,30,1,1,0.000,0.000,50.0,20274,1,0,0,1
left,forward,30,1,2,0.000,0.000,50.0,20324,1,0,0,1
left,forward,30,1,3,0.000,0.000,50.0,20374,1,0,0,1
left,forward,30,1,4,0.000,0.000,50.0,20424,1,0,0,1
left,forward,30,1,5,0.000,0.000,50.0,20474,1,0,0,1
left,forward,30,1,6,0.000,0.000,50.0,20524,1,0,0,1
left,forward,30,1,7,0.000,0.000,50.0,20574,1,0,0,1
left,forward,30,1,8,0.000,0.000,50.0,20624,1,0,0,1
left,forward,30,1,9,0.000,0.000,50.0,20674,1,0,0,1
left,forward,30,1,10,0.000,0.000,50.0,20724,1,0,0,1
left,forward,30,1,11,0.000,0.000,50.0,20774,1,0,0,1
left,forward,30,1,12,0.000,0.000,50.0,20824,1,0,0,1
left,forward,30,1,13,0.000,0.000,50.0,20874,1,0,0,1
left,forward,30,1,14,0.000,0.000,50.0,20924,1,0,0,1
left,forward,30,1,15,0.000,0.000,50.0,20974,1,0,0,1
left,forward,30,1,16,0.000,0.000,50.0,21024,1,0,0,1
left,forward,30,1,17,0.000,0.000,50.0,21074,1,0,0,1
left,forward,30,1,18,0.000,0.000,50.0,21124,1,0,0,1
left,forward,30,1,19,0.000,0.000,50.0,21174,1,0,0,1
left,forward,30,1,20,0.000,0.000,50.0,21224,1,0,0,1
left,forward,35,1,1,0.000,0.000,50.0,22275,1,0,0,1
left,forward,35,1,2,0.000,0.000,50.0,22325,1,0,0,1
left,forward,35,1,3,0.000,0.000,50.0,22375,1,0,0,1
left,forward,35,1,4,0.000,0.000,50.0,22425,1,0,0,1
left,forward,35,1,5,0.000,0.000,50.0,22475,1,0,0,1
left,forward,35,1,6,0.000,0.000,50.0,22525,1,0,0,1
left,forward,35,1,7,80.000,22.446,50.0,22575,5,0,0,1
left,forward,35,1,8,340.000,95.396,50.0,22625,22,0,0,1
left,forward,35,1,9,400.000,112.231,50.0,22675,42,0,0,1
left,forward,35,1,10,380.000,106.619,50.0,22725,61,0,0,1
left,forward,35,1,11,400.000,112.231,50.0,22775,81,0,0,1
left,forward,35,1,12,400.000,112.231,50.0,22825,101,0,0,1
left,forward,35,1,13,400.000,112.231,50.0,22875,121,0,0,1
left,forward,35,1,14,380.000,106.619,50.0,22925,140,0,0,1
left,forward,35,1,15,400.000,112.231,50.0,22975,160,0,0,1
left,forward,35,1,16,400.000,112.231,50.0,23025,180,0,0,1
left,forward,35,1,17,400.000,112.231,50.0,23075,200,0,0,1
left,forward,35,1,18,400.000,112.231,50.0,23125,220,0,0,1
left,forward,35,1,19,400.000,112.231,50.0,23175,240,0,0,1
left,forward,35,1,20,400.000,112.231,50.0,23225,260,0,0,1
left,forward,40,1,1,0.000,0.000,50.0,24276,293,0,29,1
left,forward,40,1,2,0.000,0.000,50.0,24326,293,0,29,1
left,forward,40,1,3,0.000,0.000,50.0,24376,293,0,29,1
left,forward,40,1,4,20.000,5.612,50.0,24426,294,0,29,1
left,forward,40,1,5,300.000,84.173,50.0,24476,309,0,29,1
left,forward,40,1,6,440.000,123.454,50.0,24526,331,0,29,1
left,forward,40,1,7,460.000,129.066,50.0,24576,354,0,29,1
left,forward,40,1,8,460.000,129.066,50.0,24626,377,0,29,1
left,forward,40,1,9,480.000,134.677,50.0,24676,401,0,29,1
left,forward,40,1,10,460.000,129.066,50.0,24726,424,0,29,1
left,forward,40,1,11,460.000,129.066,50.0,24776,447,0,29,1
left,forward,40,1,12,480.000,134.677,50.0,24826,471,0,29,1
left,forward,40,1,13,460.000,129.066,50.0,24876,494,0,29,1
left,forward,40,1,14,460.000,129.066,50.0,24926,517,0,29,1
left,forward,40,1,15,480.000,134.677,50.0,24976,541,0,29,1
left,forward,40,1,16,460.000,129.066,50.0,25026,564,0,29,1
left,forward,40,1,17,480.000,134.677,50.0,25076,588,0,29,1
left,forward,40,1,18,460.000,129.066,50.0,25126,611,0,29,1
left,forward,40,1,19,480.000,134.677,50.0,25176,635,0,29,1
left,forward,40,1,20,460.000,129.066,50.0,25226,658,0,29,1
left,forward,45,1,1,0.000,0.000,50.0,26277,701,0,38,1
left,forward,45,1,2,0.000,0.000,50.0,26327,701,0,38,1
left,forward,45,1,3,20.000,5.612,50.0,26377,702,0,38,1
left,forward,45,1,4,320.000,89.785,50.0,26427,718,0,38,1
left,forward,45,1,5,500.000,140.289,50.0,26477,743,0,38,1
left,forward,45,1,6,520.000,145.900,50.0,26527,769,0,38,1
left,forward,45,1,7,520.000,145.900,50.0,26577,795,0,38,1
left,forward,45,1,8,540.000,151.512,50.0,26627,822,0,38,1
left,forward,45,1,9,540.000,151.512,50.0,26677,849,0,38,1
left,forward,45,1,10,540.000,151.512,50.0,26727,876,0,38,1
left,forward,45,1,11,540.000,151.512,50.0,26777,903,0,38,1
left,forward,45,1,12,540.000,151.512,50.0,26827,930,0,38,1
left,forward,45,1,13,540.000,151.512,50.0,26877,957,0,38,1
left,forward,45,1,14,520.000,145.900,50.0,26927,983,0,38,1
left,forward,45,1,15,540.000,151.512,50.0,26977,1010,0,38,1
left,forward,45,1,16,540.000,151.512,50.0,27027,1037,0,38,1
left,forward,45,1,17,540.000,151.512,50.0,27077,1064,0,38,1
left,forward,45,1,18,540.000,151.512,50.0,27127,1091,0,38,1
left,forward,45,1,19,540.000,151.512,50.0,27177,1118,0,38,1
left,forward,45,1,20,520.000,145.900,50.0,27227,1144,0,38,1
left,forward,50,1,1,0.000,0.000,50.0,28278,1197,0,47,1
left,forward,50,1,2,0.000,0.000,50.0,28328,1197,0,47,1
left,forward,50,1,3,280.000,78.562,50.0,28378,1211,0,47,1
left,forward,50,1,4,500.000,140.289,50.0,28428,1236,0,47,1
left,forward,50,1,5,540.000,151.512,50.0,28478,1263,0,47,1
left,forward,50,1,6,600.000,168.347,50.0,28528,1293,0,47,1
left,forward,50,1,7,600.000,168.347,50.0,28578,1323,0,47,1
left,forward,50,1,8,600.000,168.347,50.0,28628,1353,0,47,1
left,forward,50,1,9,600.000,168.347,50.0,28678,1383,0,47,1
left,forward,50,1,10,620.000,173.958,50.0,28728,1414,0,47,1
left,forward,50,1,11,600.000,168.347,50.0,28778,1444,0,47,1
left,forward,50,1,12,600.000,168.347,50.0,28828,1474,0,47,1
left,forward,50,1,13,600.000,168.347,50.0,28878,1504,0,47,1
left,forward,50,1,14,600.000,168.347,50.0,28928,1534,0,47,1
left,forward,50,1,15,600.000,168.347,50.0,28978,1564,0,47,1
left,forward,50,1,16,600.000,168.347,50.0,29028,1594,0,47,1
left,forward,50,1,17,620.000,173.958,50.0,29078,1625,0,47,1
left,forward,50,1,18,620.000,173.958,50.0,29128,1656,0,47,1
left,forward,50,1,19,620.000,173.958,50.0,29178,1687,0,47,1
left,forward,50,1,20,620.000,173.958,50.0,29228,1718,0,47,1
left,forward,55,1,1,0.000,0.000,50.0,30279,1773,0,49,1
left,forward,55,1,2,0.000,0.000,50.0,30329,1773,0,49,1
left,forward,55,1,3,280.000,78.562,50.0,30379,1787,0,49,1
left,forward,55,1,4,520.000,145.900,50.0,30429,1813,0,49,1
left,forward,55,1,5,600.000,168.347,50.0,30479,1843,0,49,1
left,forward,55,1,6,660.000,185.181,50.0,30529,1876,0,49,1
left,forward,55,1,7,660.000,185.181,50.0,30579,1909,0,49,1
left,forward,55,1,8,660.000,185.181,50.0,30629,1942,0,49,1
left,forward,55,1,9,680.000,190.793,50.0,30679,1976,0,49,1
left,forward,55,1,10,660.000,185.181,50.0,30729,2009,0,49,1
left,forward,55,1,11,680.000,190.793,50.0,30779,2043,0,49,1
left,forward,55,1,12,680.000,190.793,50.0,30829,2077,0,49,1
left,forward,55,1,13,680.000,190.793,50.0,30879,2111,0,49,1
left,forward,55,1,14,680.000,190.793,50.0,30929,2145,0,49,1
left,forward,55,1,15,680.000,190.793,50.0,30979,2179,0,49,1
left,forward,55,1,16,680.000,190.793,50.0,31029,2213,0,49,1
left,forward,55,1,17,680.000,190.793,50.0,31079,2247,0,49,1
left,forward,55,1,18,680.000,190.793,50.0,31129,2281,0,49,1
left,forward,55,1,19,680.000,190.793,50.0,31179,2315,0,49,1
left,forward,55,1,20,680.000,190.793,50.0,31229,2349,0,49,1
left,forward,60,1,1,0.000,0.000,50.0,32280,2415,0,59,1
left,forward,60,1,2,160.000,44.892,50.0,32330,2423,0,59,1
left,forward,60,1,3,420.000,117.843,50.0,32380,2444,0,59,1
left,forward,60,1,4,580.000,162.735,50.0,32430,2473,0,59,1
left,forward,60,1,5,680.000,190.793,50.0,32480,2507,0,59,1
left,forward,60,1,6,700.000,196.404,50.0,32530,2542,0,59,1
left,forward,60,1,7,740.000,207.627,50.0,32580,2579,0,59,1
left,forward,60,1,8,740.000,207.627,50.0,32630,2616,0,59,1
left,forward,60,1,9,740.000,207.627,50.0,32680,2653,0,59,1
left,forward,60,1,10,740.000,207.627,50.0,32730,2690,0,59,1
left,forward,60,1,11,740.000,207.627,50.0,32780,2727,0,59,1
left,forward,60,1,12,740.000,207.627,50.0,32830,2764,0,59,1
left,forward,60,1,13,760.000,213.239,50.0,32880,2802,0,59,1
left,forward,60,1,14,760.000,213.239,50.0,32930,2840,0,59,1
left,forward,60,1,15,740.000,207.627,50.0,32980,2877,0,59,1
left,forward,60,1,16,760.000,213.239,50.0,33030,2915,0,59,1
left,forward,60,1,17,740.000,207.627,50.0,33080,2952,0,59,1
left,forward,60,1,18,760.000,213.239,50.0,33130,2990,0,59,1
left,forward,60,1,19,740.000,207.627,50.0,33180,3027,0,59,1
left,forward,60,1,20,760.000,213.239,50.0,33230,3065,0,59,1
left,forward,0,2,1,0.000,0.000,50.0,34281,3141,0,68,1
left,forward,0,2,2,0.000,0.000,50.0,34331,3141,0,68,1
left,forward,0,2,3,0.000,0.000,50.0,34381,3141,0,68,1
left,forward,0,2,4,0.000,0.000,50.0,34431,3141,0,68,1
left,forward,0,2,5,0.000,0.000,50.0,34481,3141,0,68,1
left,forward,0,2,6,0.000,0.000,50.0,34531,3141,0,68,1
left,forward,0,2,7,0.000,0.000,50.0,34581,3141,0,68,1
left,forward,0,2,8,0.000,0.000,50.0,34631,3141,0,68,1
left,forward,0,2,9,0.000,0.000,50.0,34681,3141,0,68,1
left,forward,0,2,10,0.000,0.000,50.0,34731,3141,0,68,1
left,forward,0,2,11,0.000,0.000,50.0,34781,3141,0,68,1
left,forward,0,2,12,0.000,0.000,50.0,34831,3141,0,68,1
left,forward,0,2,13,0.000,0.000,50.0,34881,3141,0,68,1
left,forward,0,2,14,0.000,0.000,50.0,34931,3141,0,68,1
left,forward,0,2,15,0.000,0.000,50.0,34981,3141,0,68,1
left,forward,0,2,16,0.000,0.000,50.0,35031,3141,0,68,1
left,forward,0,2,17,0.000,0.000,50.0,35081,3141,0,68,1
left,forward,0,2,18,0.000,0.000,50.0,35131,3141,0,68,1
left,forward,0,2,19,0.000,0.000,50.0,35181,3141,0,68,1
left,forward,0,2,20,0.000,0.000,50.0,35231,3141,0,68,1
left,forward,5,2,1,0.000,0.000,50.0,36282,3141,0,0,1
left,forward,5,2,2,0.000,0.000,50.0,36332,3141,0,0,1
left,forward,5,2,3,0.000,0.000,50.0,36382,3141,0,0,1
left,forward,5,2,4,0.000,0.000,50.0,36432,3141,0,0,1
left,forward,5,2,5,0.000,0.000,50.0,36482,3141,0,0,1
left,forward,5,2,6,0.000,0.000,50.0,36532,3141,0,0,1
left,forward,5,2,7,0.000,0.000,50.0,36582,3141,0,0,1
left,forward,5,2,8,0.000,0.000,50.0,36632,3141,0,0,1
left,forward,5,2,9,0.000,0.000,50.0,36682,3141,0,0,1
left,forward,5,2,10,0.000,0.000,50.0,36732,3141,0,0,1
left,forward,5,2,11,0.000,0.000,50.0,36782,3141,0,0,1
left,forward,5,2,12,0.000,0.000,50.0,36832,3141,0,0,1
left,forward,5,2,13,0.000,0.000,50.0,36882,3141,0,0,1
left,forward,5,2,14,0.000,0.000,50.0,36932,3141,0,0,1
left,forward,5,2,15,0.000,0.000,50.0,36982,3141,0,0,1
left,forward,5,2,16,0.000,0.000,50.0,37032,3141,0,0,1
left,forward,5,2,17,0.000,0.000,50.0,37082,3141,0,0,1
left,forward,5,2,18,0.000,0.000,50.0,37132,3141,0,0,1
left,forward,5,2,19,0.000,0.000,50.0,37182,3141,0,0,1
left,forward,5,2,20,0.000,0.000,50.0,37232,3141,0,0,1
left,forward,10,2,1,0.000,0.000,50.0,38283,3141,0,0,1
left,forward,10,2,2,0.000,0.000,50.0,38333,3141,0,0,1
left,forward,10,2,3,0.000,0.000,50.0,38383,3141,0,0,1
left,forward,10,2,4,0.000,0.000,50.0,38433,3141,0,0,1
left,forward,10,2,5,0.000,0.000,50.0,38483,3141,0,0,1
left,forward,10,2,6,0.000,0.000,50.0,38533,3141,0,0,1
left,forward,10,2,7,0.000,0.000,50.0,38583,3141,0,0,1
left,forward,10,2,8,0.000,0.000,50.0,38633,3141,0,0,1
left,forward,10,2,9,0.000,0.000,50.0,38683,3141,0,0,1
left,forward,10,2,10,0.000,0.000,50.0,38733,3141,0,0,1
left,forward,10,2,11,0.000,0.000,50.0,38783,3141,0,0,1
left,forward,10,2,12,0.000,0.000,50.0,38833,3141,0,0,1
left,forward,10,2,13,0.000,0.000,50.0,38883,3141,0,0,1
left,forward,10,2,14,0.000,0.000,50.0,38933,3141,0,0,1
left,forward,10,2,15,0.000,0.000,50.0,38983,3141,0,0,1
left,forward,10,2,16,0.000,0.000,50.0,39033,3141,0,0,1
left,forward,10,2,17,0.000,0.000,50.0,39083,3141,0,0,1
left,forward,10,2,18,0.000,0.000,50.0,39133,3141,0,0,1
left,forward,10,2,19,0.000,0.000,50.0,39183,3141,0,0,1
left,forward,10,2,20,0.000,0.000,50.0,39233,3141,0,0,1
left,forward,15,2,1,0.000,0.000,50.0,40284,3141,0,0,1
left,forward,15,2,2,0.000,0.000,50.0,40334,3141,0,0,1
left,forward,15,2,3,0.000,0.000,50.0,40384,3141,0,0,1
left,forward,15,2,4,0.000,0.000,50.0,40434,3141,0,0,1
left,forward,15,2,5,0.000,0.000,50.0,40484,3141,0,0,1
left,forward,15,2,6,0.000,0.000,50.0,40534,3141,0,0,1
left,forward,15,2,7,0.000,0.000,50.0,40584,3141,0,0,1
left,forward,15,2,8,0.000,0.000,50.0,40634,3141,0,0,1
left,forward,15,2,9,0.000,0.000,50.0,40684,3141,0,0,1
left,forward,15,2,10,0.000,0.000,50.0,40734,3141,0,0,1
left,forward,15,2,11,0.000,0.000,50.0,40784,3141,0,0,1
left,forward,15,2,12,0.000,0.000,50.0,40834,3141,0,0,1
left,forward,15,2,13,0.000,0.000,50.0,40884,3141,0,0,1
left,forward,15,2,14,0.000,0.000,50.0,40934,3141,0,0,1
left,forward,15,2,15,0.000,0.000,50.0,40984,3141,0,0,1
left,forward,15,2,16,0.000,0.000,50.0,41034,3141,0,0,1
left,forward,15,2,17,0.000,0.000,50.0,41084,3141,0,0,1
left,forward,15,2,18,0.000,0.000,50.0,41134,3141,0,0,1
left,forward,15,2,19,0.000,0.000,50.0,41184,3141,0,0,1
left,forward,15,2,20,0.000,0.000,50.0,41234,3141,0,0,1
left,forward,20,2,1,0.000,0.000,50.0,42285,3141,0,0,1
left,forward,20,2,2,0.000,0.000,50.0,42335,3141,0,0,1
left,forward,20,2,3,0.000,0.000,50.0,42385,3141,0,0,1
left,forward,20,2,4,0.000,0.000,50.0,42435,3141,0,0,1
left,forward,20,2,5,0.000,0.000,50.0,42485,3141,0,0,1
left,forward,20,2,6,0.000,0.000,50.0,42535,3141,0,0,1
left,forward,20,2,7,0.000,0.000,50.0,42585,3141,0,0,1
left,forward,20,2,8,0.000,0.000,50.0,42635,3141,0,0,1
left,forward,20,2,9,0.000,0.000,50.0,42685,3141,0,0,1
left,forward,20,2,10,0.000,0.000,50.0,42735,3141,0,0,1
left,forward,20,2,11,0.000,0.000,50.0,42785,3141,0,0,1
left,forward,20,2,12,0.000,0.000,50.0,42835,3141,0,0,1
left,forward,20,2,13,0.000,0.000,50.0,42885,3141,0,0,1
left,forward,20,2,14,0.000,0.000,50.0,42935,3141,0,0,1
left,forward,20,2,15,0.000,0.000,50.0,42985,3141,0,0,1
left,forward,20,2,16,0.000,0.000,50.0,43035,3141,0,0,1
left,forward,20,2,17,0.000,0.000,50.0,43085,3141,0,0,1
left,forward,20,2,18,0.000,0.000,50.0,43135,3141,0,0,1
left,forward,20,2,19,0.000,0.000,50.0,43185,3141,0,0,1
left,forward,20,2,20,0.000,0.000,50.0,43235,3141,0,0,1
left,forward,25,2,1,0.000,0.000,50.0,44286,3141,0,0,1
left,forward,25,2,2,0.000,0.000,50.0,44336,3141,0,0,1
left,forward,25,2,3,0.000,0.000,50.0,44386,3141,0,0,1
left,forward,25,2,4,0.000,0.000,50.0,44436,3141,0,0,1
left,forward,25,2,5,0.000,0.000,50.0,44486,3141,0,0,1
left,forward,25,2,6,0.000,0.000,50.0,44536,3141,0,0,1
left,forward,25,2,7,0.000,0.000,50.0,44586,3141,0,0,1
left,forward,25,2,8,0.000,0.000,50.0,44636,3141,0,0,1
left,forward,25,2,9,0.000,0.000,50.0,44686,3141,0,0,1
left,forward,25,2,10,0.000,0.000,50.0,44736,3141,0,0,1
left,forward,25,2,11,0.000,0.000,50.0,44786,3141,0,0,1
left,forward,25,2,12,0.000,0.000,50.0,44836,3141,0,0,1
left,forward,25,2,13,0.000,0.000,50.0,44886,3141,0,0,1
left,forward,25,2,14,0.000,0.000,50.0,44936,3141,0,0,1
left,forward,25,2,15,0.000,0.000,50.0,44986,3141,0,0,1
left,forward,25,2,16,0.000,0.000,50.0,45036,3141,0,0,1
left,forward,25,2,17,0.000,0.000,50.0,45086,3141,0,0,1
left,forward,25,2,18,0.000,0.000,50.0,45136,3141,0,0,1
left,forward,25,2,19,0.000,0.000,50.0,45186,3141,0,0,1
left,forward,25,2,20,0.000,0.000,50.0,45236,3141,0,0,1
left,forward,30,2,1,0.000,0.000,50.0,46287,3141,0,0,1
left,forward,30,2,2,0.000,0.000,50.0,46337,3141,0,0,1
left,forward,30,2,3,0.000,0.000,50.0,46387,3141,0,0,1
left,forward,30,2,4,0.000,0.000,50.0,46437,3141,0,0,1
left,forward,30,2,5,0.000,0.000,50.0,46487,3141,0,0,1
left,forward,30,2,6,0.000,0.000,50.0,46537,3141,0,0,1
left,forward,30,2,7,0.000,0.000,50.0,46587,3141,0,0,1
left,forward,30,2,8,0.000,0.000,50.0,46637,3141,0,0,1
left,forward,30,2,9,0.000,0.000,50.0,46687,3141,0,0,1
left,forward,30,2,10,0.000,0.000,50.0,46737,3141,0,0,1
left,forward,30,2,11,0.000,0.000,50.0,46787,3141,0,0,1
left,forward,30,2,12,0.000,0.000,50.0,46837,3141,0,0,1
left,forward,30,2,13,0.000,0.000,50.0,46887,3141,0,0,1
left,forward,30,2,14,0.000,0.000,50.0,46937,3141,0,0,1
left,forward,30,2,15,0.000,0.000,50.0,46987,3141,0,0,1
left,forward,30,2,16,0.000,0.000,50.0,47037,3141,0,0,1
left,forward,30,2,17,0.000,0.000,50.0,47087,3141,0,0,1
left,forward,30,2,18,0.000,0.000,50.0,47137,3141,0,0,1
left,forward,30,2,19,0.000,0.000,50.0,47187,3141,0,0,1
left,forward,30,2,20,0.000,0.000,50.0,47237,3141,0,0,1
left,forward,35,2,1,0.000,0.000,50.0,48288,3141,0,0,1
left,forward,35,2,2,0.000,0.000,50.0,48338,3141,0,0,1
left,forward,35,2,3,0.000,0.000,50.0,48388,3141,0,0,1
left,forward,35,2,4,0.000,0.000,50.0,48438,3141,0,0,1
left,forward,35,2,5,100.000,28.058,50.0,48488,3146,0,0,1
left,forward,35,2,6,340.000,95.396,50.0,48538,3163,0,0,1
left,forward,35,2,7,400.000,112.231,50.0,48588,3183,0,0,1
left,forward,35,2,8,400.000,112.231,50.0,48638,3203,0,0,1
left,forward,35,2,9,400.000,112.231,50.0,48688,3223,0,0,1
left,forward,35,2,10,380.000,106.619,50.0,48738,3242,0,0,1
left,forward,35,2,11,400.000,112.231,50.0,48788,3262,0,0,1
left,forward,35,2,12,400.000,112.231,50.0,48838,3282,0,0,1
left,forward,35,2,13,400.000,112.231,50.0,48888,3302,0,0,1
left,forward,35,2,14,400.000,112.231,50.0,48938,3322,0,0,1
left,forward,35,2,15,400.000,112.231,50.0,48988,3342,0,0,1
left,forward,35,2,16,400.000,112.231,50.0,49038,3362,0,0,1
left,forward,35,2,17,380.000,106.619,50.0,49088,3381,0,0,1
left,forward,35,2,18,400.000,112.231,50.0,49138,3401,0,0,1
left,forward,35,2,19,400.000,112.231,50.0,49188,3421,0,0,1
left,forward,35,2,20,400.000,112.231,50.0,49238,3441,0,0,1
left,forward,40,2,1,0.000,0.000,50.0,50289,3477,0,32,1
left,forward,40,2,2,0.000,0.000,50.0,50339,3477,0,32,1
left,forward,40,2,3,120.000,33.669,50.0,50389,3483,0,32,1
left,forward,40,2,4,380.000,106.619,50.0,50439,3502,0,32,1
left,forward,40,2,5,420.000,117.843,50.0,50489,3523,0,32,1
left,forward,40,2,6,460.000,129.066,50.0,50539,3546,0,32,1
left,forward,40,2,7,460.000,129.066,50.0,50589,3569,0,32,1
left,forward,40,2,8,480.000,134.677,50.0,50639,3593,0,32,1
left,forward,40,2,9,460.000,129.066,50.0,50689,3616,0,32,1
left,forward,40,2,10,460.000,129.066,50.0,50739,3639,0,32,1
left,forward,40,2,11,480.000,134.677,50.0,50789,3663,0,32,1
left,forward,40,2,12,460.000,129.066,50.0,50839,3686,0,32,1
left,forward,40,2,13,460.000,129.066,50.0,50889,3709,0,32,1
left,forward,40,2,14,480.000,134.677,50.0,50939,3733,0,32,1
left,forward,40,2,15,460.000,129.066,50.0,50989,3756,0,32,1
left,forward,40,2,16,480.000,134.677,50.0,51039,3780,0,32,1
left,forward,40,2,17,460.000,129.066,50.0,51089,3803,0,32,1
left,forward,40,2,18,480.000,134.677,50.0,51139,3827,0,32,1
left,forward,40,2,19,460.000,129.066,50.0,51189,3850,0,32,1
left,forward,40,2,20,460.000,129.066,50.0,51239,3873,0,32,1
left,forward,45,2,1,0.000,0.000,50.0,52290,3917,0,39,1
left,forward,45,2,2,0.000,0.000,50.0,52340,3917,0,39,1
left,forward,45,2,3,40.000,11.223,50.0,52390,3919,0,39,1
left,forward,45,2,4,380.000,106.619,50.0,52440,3938,0,39,1
left,forward,45,2,5,480.000,134.677,50.0,52490,3962,0,39,1
left,forward,45,2,6,520.000,145.900,50.0,52540,3988,0,39,1
left,forward,45,2,7,540.000,151.512,50.0,52590,4015,0,39,1
left,forward,45,2,8,520.000,145.900,50.0,52640,4041,0,39,1
left,forward,45,2,9,540.000,151.512,50.0,52690,4068,0,39,1
left,forward,45,2,10,540.000,151.512,50.0,52740,4095,0,39,1
left,forward,45,2,11,540.000,151.512,50.0,52790,4122,0,39,1
left,forward,45,2,12,540.000,151.512,50.0,52840,4149,0,39,1
left,forward,45,2,13,520.000,145.900,50.0,52890,4175,0,39,1
left,forward,45,2,14,540.000,151.512,50.0,52940,4202,0,39,1
left,forward,45,2,15,540.000,151.512,50.0,52990,4229,0,39,1
left,forward,45,2,16,520.000,145.900,50.0,53040,4255,0,39,1
left,forward,45,2,17,540.000,151.512,50.0,53090,4282,0,39,1
left,forward,45,2,18,540.000,151.512,50.0,53140,4309,0,39,1
left,forward,45,2,19,520.000,145.900,50.0,53190,4335,0,39,1
left,forward,45,2,20,540.000,151.512,50.0,53240,4362,0,39,1
left,forward,50,2,1,0.000,0.000,50.0,54291,4413,0,46,1
left,forward,50,2,2,0.000,0.000,50.0,54341,4413,0,46,1
left,forward,50,2,3,180.000,50.504,50.0,54391,4422,0,46,1
left,forward,50,2,4,480.000,134.677,50.0,54441,4446,0,46,1
left,forward,50,2,5,540.000,151.512,50.0,54491,4473,0,46,1
left,forward,50,2,6,600.000,168.347,50.0,54541,4503,0,46,1
left,forward,50,2,7,600.000,168.347,50.0,54591,4533,0,46,1
left,forward,50,2,8,600.000,168.347,50.0,54641,4563,0,46,1
left,forward,50,2,9,600.000,168.347,50.0,54691,4593,0,46,1
left,forward,50,2,10,600.000,168.347,50.0,54741,4623,0,46,1
left,forward,50,2,11,600.000,168.347,50.0,54791,4653,0,46,1
left,forward,50,2,12,600.000,168.347,50.0,54841,4683,0,46,1
left,forward,50,2,13,600.000,168.347,50.0,54891,4713,0,46,1
left,forward,50,2,14,600.000,168.347,50.0,54941,4743,0,46,1
left,forward,50,2,15,600.000,168.347,50.0,54991,4773,0,46,1
left,forward,50,2,16,600.000,168.347,50.0,55041,4803,0,46,1
left,forward,50,2,17,620.000,173.958,50.0,55091,4834,0,46,1
left,forward,50,2,18,620.000,173.958,50.0,55141,4865,0,46,1
left,forward,50,2,19,600.000,168.347,50.0,55191,4895,0,46,1
left,forward,50,2,20,620.000,173.958,50.0,55241,4926,0,46,1
left,forward,55,2,1,0.000,0.000,50.0,56292,4985,0,53,1
left,forward,55,2,2,0.000,0.000,50.0,56342,4985,0,53,1
left,forward,55,2,3,240.000,67.339,50.0,56392,4997,0,53,1
left,forward,55,2,4,540.000,151.512,50.0,56442,5024,0,53,1
left,forward,55,2,5,620.000,173.958,50.0,56492,5055,0,53,1
left,forward,55,2,6,640.000,179.570,50.0,56542,5087,0,53,1
left,forward,55,2,7,660.000,185.181,50.0,56592,5120,0,53,1
left,forward,55,2,8,680.000,190.793,50.0,56642,5154,0,53,1
left,forward,55,2,9,660.000,185.181,50.0,56692,5187,0,53,1
left,forward,55,2,10,680.000,190.793,50.0,56742,5221,0,53,1
left,forward,55,2,11,660.000,185.181,50.0,56792,5254,0,53,1
left,forward,55,2,12,680.000,190.793,50.0,56842,5288,0,53,1
left,forward,55,2,13,700.000,196.404,50.0,56892,5323,0,53,1
left,forward,55,2,14,680.000,190.793,50.0,56942,5357,0,53,1
left,forward,55,2,15,680.000,190.793,50.0,56992,5391,0,53,1
left,forward,55,2,16,680.000,190.793,50.0,57042,5425,0,53,1
left,forward,55,2,17,680.000,190.793,50.0,57092,5459,0,53,1
left,forward,55,2,18,680.000,190.793,50.0,57142,5493,0,53,1
left,forward,55,2,19,680.000,190.793,50.0,57192,5527,0,53,1
left,forward,55,2,20,680.000,190.793,50.0,57242,5561,0,53,1
left,forward,60,2,1,0.000,0.000,50.0,58293,5629,0,61,1
left,forward,60,2,2,20.000,5.612,50.0,58343,5630,0,61,1
left,forward,60,2,3,300.000,84.173,50.0,58393,5645,0,61,1
left,forward,60,2,4,600.000,168.347,50.0,58443,5675,0,61,1
left,forward,60,2,5,660.000,185.181,50.0,58493,5708,0,61,1
left,forward,60,2,6,720.000,202.016,50.0,58543,5744,0,61,1
left,forward,60,2,7,720.000,202.016,50.0,58593,5780,0,61,1
left,forward,60,2,8,740.000,207.627,50.0,58643,5817,0,61,1
left,forward,60,2,9,740.000,207.627,50.0,58693,5854,0,61,1
left,forward,60,2,10,740.000,207.627,50.0,58743,5891,0,61,1
left,forward,60,2,11,740.000,207.627,50.0,58793,5928,0,61,1
left,forward,60,2,12,760.000,213.239,50.0,58843,5966,0,61,1
left,forward,60,2,13,740.000,207.627,50.0,58893,6003,0,61,1
left,forward,60,2,14,760.000,213.239,50.0,58943,6041,0,61,1
left,forward,60,2,15,760.000,213.239,50.0,58993,6079,0,61,1
left,forward,60,2,16,760.000,213.239,50.0,59043,6117,0,61,1
left,forward,60,2,17,740.000,207.627,50.0,59093,6154,0,61,1
left,forward,60,2,18,760.000,213.239,50.0,59143,6192,0,61,1
left,forward,60,2,19,740.000,207.627,50.0,59193,6229,0,61,1
left,forward,60,2,20,760.000,213.239,50.0,59243,6267,0,61,1
left,forward,0,3,1,0.000,0.000,50.0,60294,6347,0,73,1
left,forward,0,3,2,0.000,0.000,50.0,60344,6347,0,73,1
left,forward,0,3,3,0.000,0.000,50.0,60394,6347,0,73,1
left,forward,0,3,4,0.000,0.000,50.0,60444,6347,0,73,1
left,forward,0,3,5,0.000,0.000,50.0,60494,6347,0,73,1
left,forward,0,3,6,0.000,0.000,50.0,60544,6347,0,73,1
left,forward,0,3,7,0.000,0.000,50.0,60594,6347,0,73,1
left,forward,0,3,8,0.000,0.000,50.0,60644,6347,0,73,1
left,forward,0,3,9,0.000,0.000,50.0,60694,6347,0,73,1
left,forward,0,3,10,0.000,0.000,50.0,60744,6347,0,73,1
left,forward,0,3,11,0.000,0.000,50.0,60794,6347,0,73,1
left,forward,0,3,12,0.000,0.000,50.0,60844,6347,0,73,1
left,forward,0,3,13,0.000,0.000,50.0,60894,6347,0,73,1
left,forward,0,3,14,0.000,0.000,50.0,60944,6347,0,73,1
left,forward,0,3,15,0.000,0.000,50.0,60994,6347,0,73,1
left,forward,0,3,16,0.000,0.000,50.0,61044,6347,0,73,1
left,forward,0,3,17,0.000,0.000,50.0,61094,6347,0,73,1
left,forward,0,3,18,0.000,0.000,50.0,61144,6347,0,73,1
left,forward,0,3,19,0.000,0.000,50.0,61194,6347,0,73,1
left,forward,0,3,20,0.000,0.000,50.0,61244,6347,0,73,1
left,forward,5,3,1,0.000,0.000,50.0,62295,6347,0,0,1
left,forward,5,3,2,0.000,0.000,50.0,62345,6347,0,0,1
left,forward,5,3,3,0.000,0.000,50.0,62395,6347,0,0,1
left,forward,5,3,4,0.000,0.000,50.0,62445,6347,0,0,1
left,forward,5,3,5,0.000,0.000,50.0,62495,6347,0,0,1
left,forward,5,3,6,0.000,0.000,50.0,62545,6347,0,0,1
left,forward,5,3,7,0.000,0.000,50.0,62595,6347,0,0,1
left,forward,5,3,8,0.000,0.000,50.0,62645,6347,0,0,1
left,forward,5,3,9,0.000,0.000,50.0,62695,6347,0,0,1
left,forward,5,3,10,0.000,0.000,50.0,62745,6347,0,0,1
left,forward,5,3,11,0.000,0.000,50.0,62795,6347,0,0,1
left,forward,5,3,12,0.000,0.000,50.0,62845,6347,0,0,1
left,forward,5,3,13,0.000,0.000,50.0,62895,6347,0,0,1
left,forward,5,3,14,0.000,0.000,50.0,62945,6347,0,0,1
left,forward,5,3,15,0.000,0.000,50.0,62995,6347,0,0,1
left,forward,5,3,16,0.000,0.000,50.0,63045,6347,0,0,1
left,forward,5,3,17,0.000,0.000,50.0,63095,6347,0,0,1
left,forward,5,3,18,0.000,0.000,50.0,63145,6347,0,0,1
left,forward,5,3,19,0.000,0.000,50.0,63195,6347,0,0,1
left,forward,5,3,20,0.000,0.000,50.0,63245,6347,0,0,1
left,forward,10,3,1,0.000,0.000,50.0,64296,6347,0,0,1
left,forward,10,3,2,0.000,0.000,50.0,64346,6347,0,0,1
left,forward,10,3,3,0.000,0.000,50.0,64396,6347,0,0,1
left,forward,10,3,4,0.000,0.000,50.0,64446,6347,0,0,1
left,forward,10,3,5,0.000,0.000,50.0,64496,6347,0,0,1
left,forward,10,3,6,0.000,0.000,50.0,64546,6347,0,0,1
left,forward,10,3,7,0.000,0.000,50.0,64596,6347,0,0,1
left,forward,10,3,8,0.000,0.000,50.0,64646,6347,0,0,1
left,forward,10,3,9,0.000,0.000,50.0,64696,6347,0,0,1
left,forward,10,3,10,0.000,0.000,50.0,64746,6347,0,0,1
left,forward,10,3,11,0.000,0.000,50.0,64796,6347,0,0,1
left,forward,10,3,12,0.000,0.000,50.0,64846,6347,0,0,1
left,forward,10,3,13,0.000,0.000,50.0,64896,6347,0,0,1
left,forward,10,3,14,0.000,0.000,50.0,64946,6347,0,0,1
left,forward,10,3,15,0.000,0.000,50.0,64996,6347,0,0,1
left,forward,10,3,16,0.000,0.000,50.0,65046,6347,0,0,1
left,forward,10,3,17,0.000,0.000,50.0,65096,6347,0,0,1
left,forward,10,3,18,0.000,0.000,50.0,65146,6347,0,0,1
left,forward,10,3,19,0.000,0.000,50.0,65196,6347,0,0,1
left,forward,10,3,20,0.000,0.000,50.0,65246,6347,0,0,1
left,forward,15,3,1,0.000,0.000,50.0,66297,6347,0,0,1
left,forward,15,3,2,0.000,0.000,50.0,66347,6347,0,0,1
left,forward,15,3,3,40.000,11.223,50.0,66397,6349,0,0,1
left,forward,15,3,4,0.000,0.000,50.0,66447,6349,0,0,1
left,forward,15,3,5,0.000,0.000,50.0,66497,6349,0,0,1
left,forward,15,3,6,0.000,0.000,50.0,66547,6349,0,0,1
left,forward,15,3,7,0.000,0.000,50.0,66597,6349,0,0,1
left,forward,15,3,8,0.000,0.000,50.0,66647,6349,0,0,1
left,forward,15,3,9,0.000,0.000,50.0,66697,6349,0,0,1
left,forward,15,3,10,0.000,0.000,50.0,66747,6349,0,0,1
left,forward,15,3,11,0.000,0.000,50.0,66797,6349,0,0,1
left,forward,15,3,12,0.000,0.000,50.0,66847,6349,0,0,1
left,forward,15,3,13,0.000,0.000,50.0,66897,6349,0,0,1
left,forward,15,3,14,0.000,0.000,50.0,66947,6349,0,0,1
left,forward,15,3,15,0.000,0.000,50.0,66997,6349,0,0,1
left,forward,15,3,16,0.000,0.000,50.0,67047,6349,0,0,1
left,forward,15,3,17,0.000,0.000,50.0,67097,6349,0,0,1
left,forward,15,3,18,0.000,0.000,50.0,67147,6349,0,0,1
left,forward,15,3,19,0.000,0.000,50.0,67197,6349,0,0,1
left,forward,15,3,20,0.000,0.000,50.0,67247,6349,0,0,1
left,forward,20,3,1,0.000,0.000,50.0,68298,6349,0,0,1
left,forward,20,3,2,0.000,0.000,50.0,68348,6349,0,0,1
left,forward,20,3,3,0.000,0.000,50.0,68398,6349,0,0,1
left,forward,20,3,4,0.000,0.000,50.0,68448,6349,0,0,1
left,forward,20,3,5,0.000,0.000,50.0,68498,6349,0,0,1
left,forward,20,3,6,0.000,0.000,50.0,68548,6349,0,0,1
left,forward,20,3,7,0.000,0.000,50.0,68598,6349,0,0,1
left,forward,20,3,8,0.000,0.000,50.0,68648,6349,0,0,1
left,forward,20,3,9,0.000,0.000,50.0,68698,6349,0,0,1
left,forward,20,3,10,0.000,0.000,50.0,68748,6349,0,0,1
left,forward,20,3,11,0.000,0.000,50.0,68798,6349,0,0,1
left,forward,20,3,12,0.000,0.000,50.0,68848,6349,0,0,1
left,forward,20,3,13,0.000,0.000,50.0,68898,6349,0,0,1
left,forward,20,3,14,0.000,0.000,50.0,68948,6349,0,0,1
left,forward,20,3,15,0.000,0.000,50.0,68998,6349,0,0,1
left,forward,20,3,16,0.000,0.000,50.0,69048,6349,0,0,1
left,forward,20,3,17,0.000,0.000,50.0,69098,6349,0,0,1
left,forward,20,3,18,0.000,0.000,50.0,69148,6349,0,0,1
left,forward,20,3,19,0.000,0.000,50.0,69198,6349,0,0,1
left,forward,20,3,20,0.000,0.000,50.0,69248,6349,0,0,1
left,forward,25,3,1,0.000,0.000,50.0,70299,6349,0,0,1
left,forward,25,3,2,0.000,0.000,50.0,70349,6349,0,0,1
left,forward,25,3,3,0.000,0.000,50.0,70399,6349,0,0,1
left,forward,25,3,4,0.000,0.000,50.0,70449,6349,0,0,1
left,forward,25,3,5,0.000,0.000,50.0,70499,6349,0,0,1
left,forward,25,3,6,0.000,0.000,50.0,70549,6349,0,0,1
left,forward,25,3,7,0.000,0.000,50.0,70599,6349,0,0,1
left,forward,25,3,8,0.000,0.000,50.0,70649,6349,0,0,1
left,forward,25,3,9,0.000,0.000,50.0,70699,6349,0,0,1
left,forward,25,3,10,0.000,0.000,50.0,70749,6349,0,0,1
left,forward,25,3,11,0.000,0.000,50.0,70799,6349,0,0,1
left,forward,25,3,12,0.000,0.000,50.0,70849,6349,0,0,1
left,forward,25,3,13,0.000,0.000,50.0,70899,6349,0,0,1
left,forward,25,3,14,0.000,0.000,50.0,70949,6349,0,0,1
left,forward,25,3,15,0.000,0.000,50.0,70999,6349,0,0,1
left,forward,25,3,16,0.000,0.000,50.0,71049,6349,0,0,1
left,forward,25,3,17,0.000,0.000,50.0,71099,6349,0,0,1
left,forward,25,3,18,0.000,0.000,50.0,71149,6349,0,0,1
left,forward,25,3,19,0.000,0.000,50.0,71199,6349,0,0,1
left,forward,25,3,20,0.000,0.000,50.0,71249,6349,0,0,1
left,forward,30,3,1,0.000,0.000,50.0,72300,6349,0,0,1
left,forward,30,3,2,0.000,0.000,50.0,72350,6349,0,0,1
left,forward,30,3,3,0.000,0.000,50.0,72400,6349,0,0,1
left,forward,30,3,4,0.000,0.000,50.0,72450,6349,0,0,1
left,forward,30,3,5,0.000,0.000,50.0,72500,6349,0,0,1
left,forward,30,3,6,0.000,0.000,50.0,72550,6349,0,0,1
left,forward,30,3,7,0.000,0.000,50.0,72600,6349,0,0,1
left,forward,30,3,8,0.000,0.000,50.0,72650,6349,0,0,1
left,forward,30,3,9,0.000,0.000,50.0,72700,6349,0,0,1
left,forward,30,3,10,0.000,0.000,50.0,72750,6349,0,0,1
left,forward,30,3,11,0.000,0.000,50.0,72800,6349,0,0,1
left,forward,30,3,12,0.000,0.000,50.0,72850,6349,0,0,1
left,forward,30,3,13,0.000,0.000,50.0,72900,6349,0,0,1
left,forward,30,3,14,0.000,0.000,50.0,72950,6349,0,0,1
left,forward,30,3,15,0.000,0.000,50.0,73000,6349,0,0,1
left,forward,30,3,16,0.000,0.000,50.0,73050,6349,0,0,1
left,forward,30,3,17,0.000,0.000,50.0,73100,6349,0,0,1
left,forward,30,3,18,0.000,0.000,50.0,73150,6349,0,0,1
left,forward,30,3,19,0.000,0.000,50.0,73200,6349,0,0,1
left,forward,30,3,20,0.000,0.000,50.0,73250,6349,0,0,1
left,forward,35,3,1,0.000,0.000,50.0,74301,6349,0,0,1
left,forward,35,3,2,0.000,0.000,50.0,74351,6349,0,0,1
left,forward,35,3,3,0.000,0.000,50.0,74401,6349,0,0,1
left,forward,35,3,4,0.000,0.000,50.0,74451,6349,0,0,1
left,forward,35,3,5,0.000,0.000,50.0,74501,6349,0,0,1
left,forward,35,3,6,0.000,0.000,50.0,74551,6349,0,0,1
left,forward,35,3,7,0.000,0.000,50.0,74601,6349,0,0,1
left,forward,35,3,8,0.000,0.000,50.0,74651,6349,0,0,1
left,forward,35,3,9,0.000,0.000,50.0,74701,6349,0,0,1
left,forward,35,3,10,0.000,0.000,50.0,74751,6349,0,0,1
left,forward,35,3,11,0.000,0.000,50.0,74801,6349,0,0,1
left,forward,35,3,12,0.000,0.000,50.0,74851,6349,0,0,1
left,forward,35,3,13,0.000,0.000,50.0,74901,6349,0,0,1
left,forward,35,3,14,0.000,0.000,50.0,74951,6349,0,0,1
left,forward,35,3,15,0.000,0.000,50.0,75001,6349,0,0,1
left,forward,35,3,16,0.000,0.000,50.0,75051,6349,0,0,1
left,forward,35,3,17,0.000,0.000,50.0,75101,6349,0,0,1
left,forward,35,3,18,0.000,0.000,50.0,75151,6349,0,0,1
left,forward,35,3,19,0.000,0.000,50.0,75201,6349,0,0,1
left,forward,35,3,20,0.000,0.000,50.0,75251,6349,0,0,1
left,forward,40,3,1,0.000,0.000,50.0,76302,6349,0,0,1
left,forward,40,3,2,0.000,0.000,50.0,76352,6349,0,0,1
left,forward,40,3,3,0.000,0.000,50.0,76402,6349,0,0,1
left,forward,40,3,4,20.000,5.612,50.0,76452,6350,0,0,1
left,forward,40,3,5,320.000,89.785,50.0,76502,6366,0,0,1
left,forward,40,3,6,440.000,123.454,50.0,76552,6388,0,0,1
left,forward,40,3,7,460.000,129.066,50.0,76602,6411,0,0,1
left,forward,40,3,8,460.000,129.066,50.0,76652,6434,0,0,1
left,forward,40,3,9,480.000,134.677,50.0,76702,6458,0,0,1
left,forward,40,3,10,460.000,129.066,50.0,76752,6481,0,0,1
left,forward,40,3,11,480.000,134.677,50.0,76802,6505,0,0,1
left,forward,40,3,12,460.000,129.066,50.0,76852,6528,0,0,1
left,forward,40,3,13,460.000,129.066,50.0,76902,6551,0,0,1
left,forward,40,3,14,480.000,134.677,50.0,76952,6575,0,0,1
left,forward,40,3,15,460.000,129.066,50.0,77002,6598,0,0,1
left,forward,40,3,16,480.000,134.677,50.0,77052,6622,0,0,1
left,forward,40,3,17,460.000,129.066,50.0,77102,6645,0,0,1
left,forward,40,3,18,480.000,134.677,50.0,77152,6669,0,0,1
left,forward,40,3,19,460.000,129.066,50.0,77202,6692,0,0,1
left,forward,40,3,20,460.000,129.066,50.0,77252,6715,0,0,1
left,forward,45,3,1,0.000,0.000,50.0,78303,6757,0,37,1
left,forward,45,3,2,0.000,0.000,50.0,78353,6757,0,37,1
left,forward,45,3,3,80.000,22.446,50.0,78403,6761,0,37,1
left,forward,45,3,4,380.000,106.619,50.0,78453,6780,0,37,1
left,forward,45,3,5,500.000,140.289,50.0,78503,6805,0,37,1
left,forward,45,3,6,500.000,140.289,50.0,78553,6830,0,37,1
left,forward,45,3,7,540.000,151.512,50.0,78603,6857,0,37,1
left,forward,45,3,8,540.000,151.512,50.0,78653,6884,0,37,1
left,forward,45,3,9,540.000,151.512,50.0,78703,6911,0,37,1
left,forward,45,3,10,540.000,151.512,50.0,78753,6938,0,37,1
left,forward,45,3,11,540.000,151.512,50.0,78803,6965,0,37,1
left,forward,45,3,12,540.000,151.512,50.0,78853,6992,0,37,1
left,forward,45,3,13,540.000,151.512,50.0,78903,7019,0,37,1
left,forward,45,3,14,540.000,151.512,50.0,78953,7046,0,37,1
left,forward,45,3,15,540.000,151.512,50.0,79003,7073,0,37,1
left,forward,45,3,16,540.000,151.512,50.0,79053,7100,0,37,1
left,forward,45,3,17,540.000,151.512,50.0,79103,7127,0,37,1
left,forward,45,3,18,540.000,151.512,50.0,79153,7154,0,37,1
left,forward,45,3,19,540.000,151.512,50.0,79203,7181,0,37,1
left,forward,45,3,20,520.000,145.900,50.0,79253,7207,0,37,1
left,forward,50,3,1,0.000,0.000,50.0,80304,7257,0,44,1
left,forward,50,3,2,0.000,0.000,50.0,80354,7257,0,44,1
left,forward,50,3,3,200.000,56.116,50.0,80404,7267,0,44,1
left,forward,50,3,4,480.000,134.677,50.0,80454,7291,0,44,1
left,forward,50,3,5,560.000,157.123,50.0,80504,7319,0,44,1
left,forward,50,3,6,600.000,168.347,50.0,80554,7349,0,44,1
left,forward,50,3,7,600.000,168.347,50.0,80604,7379,0,44,1
left,forward,50,3,8,600.000,168.347,50.0,80654,7409,0,44,1
left,forward,50,3,9,600.000,168.347,50.0,80704,7439,0,44,1
left,forward,50,3,10,620.000,173.958,50.0,80754,7470,0,44,1
left,forward,50,3,11,600.000,168.347,50.0,80804,7500,0,44,1
left,forward,50,3,12,600.000,168.347,50.0,80854,7530,0,44,1
left,forward,50,3,13,620.000,173.958,50.0,80904,7561,0,44,1
left,forward,50,3,14,600.000,168.347,50.0,80954,7591,0,44,1
left,forward,50,3,15,600.000,168.347,50.0,81004,7621,0,44,1
left,forward,50,3,16,620.000,173.958,50.0,81054,7652,0,44,1
left,forward,50,3,17,600.000,168.347,50.0,81104,7682,0,44,1
left,forward,50,3,18,620.000,173.958,50.0,81154,7713,0,44,1
left,forward,50,3,19,620.000,173.958,50.0,81204,7744,0,44,1
left,forward,50,3,20,620.000,173.958,50.0,81254,7775,0,44,1
left,forward,55,3,1,0.000,0.000,50.0,82305,7833,0,52,1
left,forward,55,3,2,20.000,5.612,50.0,82355,7834,0,52,1
left,forward,55,3,3,300.000,84.173,50.0,82405,7849,0,52,1
left,forward,55,3,4,540.000,151.512,50.0,82455,7876,0,52,1
left,forward,55,3,5,620.000,173.958,50.0,82505,7907,0,52,1
left,forward,55,3,6,640.000,179.570,50.0,82555,7939,0,52,1
left,forward,55,3,7,660.000,185.181,50.0,82605,7972,0,52,1
left,forward,55,3,8,680.000,190.793,50.0,82655,8006,0,52,1
left,forward,55,3,9,660.000,185.181,50.0,82705,8039,0,52,1
left,forward,55,3,10,680.000,190.793,50.0,82755,8073,0,52,1
left,forward,55,3,11,680.000,190.793,50.0,82805,8107,0,52,1
left,forward,55,3,12,680.000,190.793,50.0,82855,8141,0,52,1
left,forward,55,3,13,680.000,190.793,50.0,82905,8175,0,52,1
left,forward,55,3,14,680.000,190.793,50.0,82955,8209,0,52,1
left,forward,55,3,15,680.000,190.793,50.0,83005,8243,0,52,1
left,forward,55,3,16,700.000,196.404,50.0,83055,8278,0,52,1
left,forward,55,3,17,680.000,190.793,50.0,83105,8312,0,52,1
left,forward,55,3,18,680.000,190.793,50.0,83155,8346,0,52,1
left,forward,55,3,19,680.000,190.793,50.0,83205,8380,0,52,1
left,forward,55,3,20,680.000,190.793,50.0,83255,8414,0,52,1
left,forward,60,3,1,0.000,0.000,50.0,84306,8481,0,60,1
left,forward,60,3,2,0.000,0.000,50.0,84356,8481,0,60,1
left,forward,60,3,3,320.000,89.785,50.0,84406,8497,0,60,1
left,forward,60,3,4,580.000,162.735,50.0,84456,8526,0,60,1
left,forward,60,3,5,660.000,185.181,50.0,84506,8559,0,60,1
left,forward,60,3,6,720.000,202.016,50.0,84556,8595,0,60,1
left,forward,60,3,7,720.000,202.016,50.0,84606,8631,0,60,1
left,forward,60,3,8,740.000,207.627,50.0,84656,8668,0,60,1
left,forward,60,3,9,740.000,207.627,50.0,84706,8705,0,60,1
left,forward,60,3,10,740.000,207.627,50.0,84756,8742,0,60,1
left,forward,60,3,11,740.000,207.627,50.0,84806,8779,0,60,1
left,forward,60,3,12,760.000,213.239,50.0,84856,8817,0,60,1
left,forward,60,3,13,760.000,213.239,50.0,84906,8855,0,60,1
left,forward,60,3,14,740.000,207.627,50.0,84956,8892,0,60,1
left,forward,60,3,15,760.000,213.239,50.0,85006,8930,0,60,1
left,forward,60,3,16,760.000,213.239,50.0,85056,8968,0,60,1
left,forward,60,3,17,740.000,207.627,50.0,85106,9005,0,60,1
left,forward,60,3,18,760.000,213.239,50.0,85156,9043,0,60,1
left,forward,60,3,19,760.000,213.239,50.0,85206,9081,0,60,1
left,forward,60,3,20,740.000,207.627,50.0,85256,9118,0,60,1
left,forward,0,4,1,0.000,0.000,50.0,86307,9193,0,67,1
left,forward,0,4,2,0.000,0.000,50.0,86357,9193,0,67,1
left,forward,0,4,3,0.000,0.000,50.0,86407,9193,0,67,1
left,forward,0,4,4,0.000,0.000,50.0,86457,9193,0,67,1
left,forward,0,4,5,0.000,0.000,50.0,86507,9193,0,67,1
left,forward,0,4,6,0.000,0.000,50.0,86557,9193,0,67,1
left,forward,0,4,7,0.000,0.000,50.0,86607,9193,0,67,1
left,forward,0,4,8,0.000,0.000,50.0,86657,9193,0,67,1
left,forward,0,4,9,0.000,0.000,50.0,86707,9193,0,67,1
left,forward,0,4,10,0.000,0.000,50.0,86757,9193,0,67,1
left,forward,0,4,11,0.000,0.000,50.0,86807,9193,0,67,1
left,forward,0,4,12,0.000,0.000,50.0,86857,9193,0,67,1
left,forward,0,4,13,0.000,0.000,50.0,86907,9193,0,67,1
left,forward,0,4,14,0.000,0.000,50.0,86957,9193,0,67,1
left,forward,0,4,15,0.000,0.000,50.0,87007,9193,0,67,1
left,forward,0,4,16,0.000,0.000,50.0,87057,9193,0,67,1
left,forward,0,4,17,0.000,0.000,50.0,87107,9193,0,67,1
left,forward,0,4,18,0.000,0.000,50.0,87157,9193,0,67,1
left,forward,0,4,19,0.000,0.000,50.0,87207,9193,0,67,1
left,forward,0,4,20,0.000,0.000,50.0,87257,9193,0,67,1
left,forward,5,4,1,0.000,0.000,50.0,88308,9193,0,0,1
left,forward,5,4,2,0.000,0.000,50.0,88358,9193,0,0,1
left,forward,5,4,3,0.000,0.000,50.0,88408,9193,0,0,1
left,forward,5,4,4,0.000,0.000,50.0,88458,9193,0,0,1
left,forward,5,4,5,0.000,0.000,50.0,88508,9193,0,0,1
left,forward,5,4,6,0.000,0.000,50.0,88558,9193,0,0,1
left,forward,5,4,7,0.000,0.000,50.0,88608,9193,0,0,1
left,forward,5,4,8,0.000,0.000,50.0,88658,9193,0,0,1
left,forward,5,4,9,0.000,0.000,50.0,88708,9193,0,0,1
left,forward,5,4,10,0.000,0.000,50.0,88758,9193,0,0,1
left,forward,5,4,11,0.000,0.000,50.0,88808,9193,0,0,1
left,forward,5,4,12,0.000,0.000,50.0,88858,9193,0,0,1
left,forward,5,4,13,0.000,0.000,50.0,88908,9193,0,0,1
left,forward,5,4,14,0.000,0.000,50.0,88958,9193,0,0,1
left,forward,5,4,15,0.000,0.000,50.0,89008,9193,0,0,1
left,forward,5,4,16,0.000,0.000,50.0,89058,9193,0,0,1
left,forward,5,4,17,0.000,0.000,50.0,89108,9193,0,0,1
left,forward,5,4,18,0.000,0.000,50.0,89158,9193,0,0,1
left,forward,5,4,19,0.000,0.000,50.0,89208,9193,0,0,1
left,forward,5,4,20,0.000,0.000,50.0,89258,9193,0,0,1
left,forward,10,4,1,0.000,0.000,50.0,90309,9193,0,0,1
left,forward,10,4,2,0.000,0.000,50.0,90359,9193,0,0,1
left,forward,10,4,3,0.000,0.000,50.0,90409,9193,0,0,1
left,forward,10,4,4,0.000,0.000,50.0,90459,9193,0,0,1
left,forward,10,4,5,0.000,0.000,50.0,90509,9193,0,0,1
left,forward,10,4,6,0.000,0.000,50.0,90559,9193,0,0,1
left,forward,10,4,7,0.000,0.000,50.0,90609,9193,0,0,1
left,forward,10,4,8,0.000,0.000,50.0,90659,9193,0,0,1
left,forward,10,4,9,0.000,0.000,50.0,90709,9193,0,0,1
left,forward,10,4,10,0.000,0.000,50.0,90759,9193,0,0,1
left,forward,10,4,11,0.000,0.000,50.0,90809,9193,0,0,1
left,forward,10,4,12,0.000,0.000,50.0,90859,9193,0,0,1
left,forward,10,4,13,0.000,0.000,50.0,90909,9193,0,0,1
left,forward,10,4,14,0.000,0.000,50.0,90959,9193,0,0,1
left,forward,10,4,15,0.000,0.000,50.0,91009,9193,0,0,1
left,forward,10,4,16,0.000,0.000,50.0,91059,9193,0,0,1
left,forward,10,4,17,0.000,0.000,50.0,91109,9193,0,0,1
left,forward,10,4,18,0.000,0.000,50.0,91159,9193,0,0,1
left,forward,10,4,19,0.000,0.000,50.0,91209,9193,0,0,1
left,forward,10,4,20,0.000,0.000,50.0,91259,9193,0,0,1
left,forward,15,4,1,0.000,0.000,50.0,92310,9193,0,0,1
left,forward,15,4,2,0.000,0.000,50.0,92360,9193,0,0,1
left,forward,15,4,3,0.000,0.000,50.0,92410,9193,0,0,1
left,forward,15,4,4,0.000,0.000,50.0,92460,9193,0,0,1
left,forward,15,4,5,0.000,0.000,50.0,92510,9193,0,0,1
left,forward,15,4,6,0.000,0.000,50.0,92560,9193,0,0,1
left,forward,15,4,7,0.000,0.000,50.0,92610,9193,0,0,1
left,forward,15,4,8,0.000,0.000,50.0,92660,9193,0,0,1
left,forward,15,4,9,0.000,0.000,50.0,92710,9193,0,0,1
left,forward,15,4,10,0.000,0.000,50.0,92760,9193,0,0,1
left,forward,15,4,11,0.000,0.000,50.0,92810,9193,0,0,1
left,forward,15,4,12,0.000,0.000,50.0,92860,9193,0,0,1
left,forward,15,4,13,0.000,0.000,50.0,92910,9193,0,0,1
left,forward,15,4,14,0.000,0.000,50.0,92960,9193,0,0,1
left,forward,15,4,15,0.000,0.000,50.0,93010,9193,0,0,1
left,forward,15,4,16,0.000,0.000,50.0,93060,9193,0,0,1
left,forward,15,4,17,0.000,0.000,50.0,93110,9193,0,0,1
left,forward,15,4,18,0.000,0.000,50.0,93160,9193,0,0,1
left,forward,15,4,19,0.000,0.000,50.0,93210,9193,0,0,1
left,forward,15,4,20,0.000,0.000,50.0,93260,9193,0,0,1
left,forward,20,4,1,0.000,0.000,50.0,94311,9193,0,0,1
left,forward,20,4,2,0.000,0.000,50.0,94361,9193,0,0,1
left,forward,20,4,3,0.000,0.000,50.0,94411,9193,0,0,1
left,forward,20,4,4,0.000,0.000,50.0,94461,9193,0,0,1
left,forward,20,4,5,0.000,0.000,50.0,94511,9193,0,0,1
left,forward,20,4,6,0.000,0.000,50.0,94561,9193,0,0,1
left,forward,20,4,7,0.000,0.000,50.0,94611,9193,0,0,1
left,forward,20,4,8,0.000,0.000,50.0,94661,9193,0,0,1
left,forward,20,4,9,0.000,0.000,50.0,94711,9193,0,0,1
left,forward,20,4,10,0.000,0.000,50.0,94761,9193,0,0,1
left,forward,20,4,11,0.000,0.000,50.0,94811,9193,0,0,1
left,forward,20,4,12,0.000,0.000,50.0,94861,9193,0,0,1
left,forward,20,4,13,0.000,0.000,50.0,94911,9193,0,0,1
left,forward,20,4,14,0.000,0.000,50.0,94961,9193,0,0,1
left,forward,20,4,15,0.000,0.000,50.0,95011,9193,0,0,1
left,forward,20,4,16,0.000,0.000,50.0,95061,9193,0,0,1
left,forward,20,4,17,0.000,0.000,50.0,95111,9193,0,0,1
left,forward,20,4,18,0.000,0.000,50.0,95161,9193,0,0,1
left,forward,20,4,19,0.000,0.000,50.0,95211,9193,0,0,1
left,forward,20,4,20,0.000,0.000,50.0,95261,9193,0,0,1
left,forward,25,4,1,0.000,0.000,50.0,96312,9193,0,0,1
left,forward,25,4,2,0.000,0.000,50.0,96362,9193,0,0,1
left,forward,25,4,3,0.000,0.000,50.0,96412,9193,0,0,1
left,forward,25,4,4,0.000,0.000,50.0,96462,9193,0,0,1
left,forward,25,4,5,0.000,0.000,50.0,96512,9193,0,0,1
left,forward,25,4,6,0.000,0.000,50.0,96562,9193,0,0,1
left,forward,25,4,7,0.000,0.000,50.0,96612,9193,0,0,1
left,forward,25,4,8,0.000,0.000,50.0,96662,9193,0,0,1
left,forward,25,4,9,0.000,0.000,50.0,96712,9193,0,0,1
left,forward,25,4,10,0.000,0.000,50.0,96762,9193,0,0,1
left,forward,25,4,11,0.000,0.000,50.0,96812,9193,0,0,1
left,forward,25,4,12,0.000,0.000,50.0,96862,9193,0,0,1
left,forward,25,4,13,0.000,0.000,50.0,96912,9193,0,0,1
left,forward,25,4,14,0.000,0.000,50.0,96962,9193,0,0,1
left,forward,25,4,15,0.000,0.000,50.0,97012,9193,0,0,1
left,forward,25,4,16,0.000,0.000,50.0,97062,9193,0,0,1
left,forward,25,4,17,0.000,0.000,50.0,97112,9193,0,0,1
left,forward,25,4,18,0.000,0.000,50.0,97162,9193,0,0,1
left,forward,25,4,19,0.000,0.000,50.0,97212,9193,0,0,1
left,forward,25,4,20,0.000,0.000,50.0,97262,9193,0,0,1
left,forward,30,4,1,0.000,0.000,50.0,98313,9193,0,0,1
left,forward,30,4,2,0.000,0.000,50.0,98363,9193,0,0,1
left,forward,30,4,3,0.000,0.000,50.0,98413,9193,0,0,1
left,forward,30,4,4,0.000,0.000,50.0,98463,9193,0,0,1
left,forward,30,4,5,0.000,0.000,50.0,98513,9193,0,0,1
left,forward,30,4,6,0.000,0.000,50.0,98563,9193,0,0,1
left,forward,30,4,7,0.000,0.000,50.0,98613,9193,0,0,1
left,forward,30,4,8,0.000,0.000,50.0,98663,9193,0,0,1
left,forward,30,4,9,0.000,0.000,50.0,98713,9193,0,0,1
left,forward,30,4,10,0.000,0.000,50.0,98763,9193,0,0,1
left,forward,30,4,11,0.000,0.000,50.0,98813,9193,0,0,1
left,forward,30,4,12,0.000,0.000,50.0,98863,9193,0,0,1
left,forward,30,4,13,0.000,0.000,50.0,98913,9193,0,0,1
left,forward,30,4,14,0.000,0.000,50.0,98963,9193,0,0,1
left,forward,30,4,15,0.000,0.000,50.0,99013,9193,0,0,1
left,forward,30,4,16,0.000,0.000,50.0,99063,9193,0,0,1
left,forward,30,4,17,0.000,0.000,50.0,99113,9193,0,0,1
left,forward,30,4,18,0.000,0.000,50.0,99163,9193,0,0,1
left,forward,30,4,19,0.000,0.000,50.0,99213,9193,0,0,1
left,forward,30,4,20,0.000,0.000,50.0,99263,9193,0,0,1
left,forward,35,4,1,0.000,0.000,50.0,100314,9193,0,0,1
left,forward,35,4,2,0.000,0.000,50.0,100364,9193,0,0,1
left,forward,35,4,3,0.000,0.000,50.0,100414,9193,0,0,1
left,forward,35,4,4,0.000,0.000,50.0,100464,9193,0,0,1
left,forward,35,4,5,0.000,0.000,50.0,100514,9193,0,0,1
left,forward,35,4,6,0.000,0.000,50.0,100564,9193,0,0,1
left,forward,35,4,7,200.000,56.116,50.0,100614,9203,0,0,1
left,forward,35,4,8,360.000,101.008,50.0,100664,9221,0,0,1
left,forward,35,4,9,400.000,112.231,50.0,100714,9241,0,0,1
left,forward,35,4,10,400.000,112.231,50.0,100764,9261,0,0,1
left,forward,35,4,11,400.000,112.231,50.0,100814,9281,0,0,1
left,forward,35,4,12,400.000,112.231,50.0,100864,9301,0,0,1
left,forward,35,4,13,400.000,112.231,50.0,100914,9321,0,0,1
left,forward,35,4,14,400.000,112.231,50.0,100964,9341,0,0,1
left,forward,35,4,15,380.000,106.619,50.0,101014,9360,0,0,1
left,forward,35,4,16,400.000,112.231,50.0,101064,9380,0,0,1
left,forward,35,4,17,400.000,112.231,50.0,101114,9400,0,0,1
left,forward,35,4,18,400.000,112.231,50.0,101164,9420,0,0,1
left,forward,35,4,19,400.000,112.231,50.0,101214,9440,0,0,1
left,forward,35,4,20,400.000,112.231,50.0,101264,9460,0,0,1
left,forward,40,4,1,0.000,0.000,50.0,102315,9494,0,30,1
left,forward,40,4,2,120.000,33.669,50.0,102365,9500,0,30,1
left,forward,40,4,3,280.000,78.562,50.0,102415,9514,0,30,1
left,forward,40,4,4,400.000,112.231,50.0,102465,9534,0,30,1
left,forward,40,4,5,420.000,117.843,50.0,102515,9555,0,30,1
left,forward,40,4,6,460.000,129.066,50.0,102565,9578,0,30,1
left,forward,40,4,7,460.000,129.066,50.0,102615,9601,0,30,1
left,forward,40,4,8,480.000,134.677,50.0,102665,9625,0,30,1
left,forward,40,4,9,460.000,129.066,50.0,102715,9648,0,30,1
left,forward,40,4,10,480.000,134.677,50.0,102765,9672,0,30,1
left,forward,40,4,11,460.000,129.066,50.0,102815,9695,0,30,1
left,forward,40,4,12,460.000,129.066,50.0,102865,9718,0,30,1
left,forward,40,4,13,480.000,134.677,50.0,102915,9742,0,30,1
left,forward,40,4,14,460.000,129.066,50.0,102965,9765,0,30,1
left,forward,40,4,15,480.000,134.677,50.0,103015,9789,0,30,1
left,forward,40,4,16,460.000,129.066,50.0,103065,9812,0,30,1
left,forward,40,4,17,460.000,129.066,50.0,103115,9835,0,30,1
left,forward,40,4,18,480.000,134.677,50.0,103165,9859,0,30,1
left,forward,40,4,19,460.000,129.066,50.0,103215,9882,0,30,1
left,forward,40,4,20,480.000,134.677,50.0,103265,9906,0,30,1
left,forward,45,4,1,0.000,0.000,50.0,104316,9949,0,38,1
left,forward,45,4,2,0.000,0.000,50.0,104366,9949,0,38,1
left,forward,45,4,3,40.000,11.223,50.0,104416,9951,0,38,1
left,forward,45,4,4,360.000,101.008,50.0,104466,9969,0,38,1
left,forward,45,4,5,480.000,134.677,50.0,104516,9993,0,38,1
left,forward,45,4,6,520.000,145.900,50.0,104566,10019,0,38,1
left,forward,45,4,7,540.000,151.512,50.0,104616,10046,0,38,1
left,forward,45,4,8,520.000,145.900,50.0,104666,10072,0,38,1
left,forward,45,4,9,540.000,151.512,50.0,104716,10099,0,38,1
left,forward,45,4,10,540.000,151.512,50.0,104766,10126,0,38,1
left,forward,45,4,11,540.000,151.512,50.0,104816,10153,0,38,1
left,forward,45,4,12,540.000,151.512,50.0,104866,10180,0,38,1
left,forward,45,4,13,540.000,151.512,50.0,104916,10207,0,38,1
left,forward,45,4,14,520.000,145.900,50.0,104966,10233,0,38,1
left,forward,45,4,15,540.000,151.512,50.0,105016,10260,0,38,1
left,forward,45,4,16,540.000,151.512,50.0,105066,10287,0,38,1
left,forward,45,4,17,540.000,151.512,50.0,105116,10314,0,38,1
left,forward,45,4,18,540.000,151.512,50.0,105166,10341,0,38,1
left,forward,45,4,19,520.000,145.900,50.0,105216,10367,0,38,1
left,forward,45,4,20,540.000,151.512,50.0,105266,10394,0,38,1
left,forward,50,4,1,0.000,0.000,50.0,106317,10445,0,46,1
left,forward,50,4,2,0.000,0.000,50.0,106367,10445,0,46,1
left,forward,50,4,3,80.000,22.446,50.0,106417,10449,0,46,1
left,forward,50,4,4,440.000,123.454,50.0,106467,10471,0,46,1
left,forward,50,4,5,540.000,151.512,50.0,106517,10498,0,46,1
left,forward,50,4,6,580.000,162.735,50.0,106567,10527,0,46,1
left,forward,50,4,7,600.000,168.347,50.0,106617,10557,0,46,1
left,forward,50,4,8,600.000,168.347,50.0,106667,10587,0,46,1
left,forward,50,4,9,620.000,173.958,50.0,106717,10618,0,46,1
left,forward,50,4,10,600.000,168.347,50.0,106767,10648,0,46,1
left,forward,50,4,11,600.000,168.347,50.0,106817,10678,0,46,1
left,forward,50,4,12,600.000,168.347,50.0,106867,10708,0,46,1
left,forward,50,4,13,600.000,168.347,50.0,106917,10738,0,46,1
left,forward,50,4,14,620.000,173.958,50.0,106967,10769,0,46,1
left,forward,50,4,15,600.000,168.347,50.0,107017,10799,0,46,1
left,forward,50,4,16,600.000,168.347,50.0,107067,10829,0,46,1
left,forward,50,4,17,620.000,173.958,50.0,107117,10860,0,46,1
left,forward,50,4,18,620.000,173.958,50.0,107167,10891,0,46,1
left,forward,50,4,19,600.000,168.347,50.0,107217,10921,0,46,1
left,forward,50,4,20,620.000,173.958,50.0,107267,10952,0,46,1
left,forward,55,4,1,0.000,0.000,50.0,108318,11009,0,51,1
left,forward,55,4,2,0.000,0.000,50.0,108368,11009,0,51,1
left,forward,55,4,3,180.000,50.504,50.0,108418,11018,0,51,1
left,forward,55,4,4,500.000,140.289,50.0,108468,11043,0,51,1
left,forward,55,4,5,600.000,168.347,50.0,108518,11073,0,51,1
left,forward,55,4,6,660.000,185.181,50.0,108568,11106,0,51,1
left,forward,55,4,7,660.000,185.181,50.0,108618,11139,0,51,1
left,forward,55,4,8,680.000,190.793,50.0,108668,11173,0,51,1
left,forward,55,4,9,660.000,185.181,50.0,108718,11206,0,51,1
left,forward,55,4,10,680.000,190.793,50.0,108768,11240,0,51,1
left,forward,55,4,11,660.000,185.181,50.0,108818,11273,0,51,1
left,forward,55,4,12,680.000,190.793,50.0,108868,11307,0,51,1
left,forward,55,4,13,680.000,190.793,50.0,108918,11341,0,51,1
left,forward,55,4,14,700.000,196.404,50.0,108968,11376,0,51,1
left,forward,55,4,15,680.000,190.793,50.0,109018,11410,0,51,1
left,forward,55,4,16,680.000,190.793,50.0,109068,11444,0,51,1
left,forward,55,4,17,680.000,190.793,50.0,109118,11478,0,51,1
left,forward,55,4,18,700.000,196.404,50.0,109168,11513,0,51,1
left,forward,55,4,19,680.000,190.793,50.0,109218,11547,0,51,1
left,forward,55,4,20,680.000,190.793,50.0,109268,11581,0,51,1
left,forward,60,4,1,0.000,0.000,50.0,110319,11649,0,61,1
left,forward,60,4,2,20.000,5.612,50.0,110369,11650,0,61,1
left,forward,60,4,3,360.000,101.008,50.0,110419,11668,0,61,1
left,forward,60,4,4,580.000,162.735,50.0,110469,11697,0,61,1
left,forward,60,4,5,660.000,185.181,50.0,110519,11730,0,61,1
left,forward,60,4,6,720.000,202.016,50.0,110569,11766,0,61,1
left,forward,60,4,7,720.000,202.016,50.0,110619,11802,0,61,1
left,forward,60,4,8,740.000,207.627,50.0,110669,11839,0,61,1
left,forward,60,4,9,740.000,207.627,50.0,110719,11876,0,61,1
left,forward,60,4,10,740.000,207.627,50.0,110769,11913,0,61,1
left,forward,60,4,11,740.000,207.627,50.0,110819,11950,0,61,1
left,forward,60,4,12,760.000,213.239,50.0,110869,11988,0,61,1
left,forward,60,4,13,760.000,213.239,50.0,110919,12026,0,61,1
left,forward,60,4,14,740.000,207.627,50.0,110969,12063,0,61,1
left,forward,60,4,15,760.000,213.239,50.0,111019,12101,0,61,1
left,forward,60,4,16,760.000,213.239,50.0,111069,12139,0,61,1
left,forward,60,4,17,760.000,213.239,50.0,111119,12177,0,61,1
left,forward,60,4,18,740.000,207.627,50.0,111169,12214,0,61,1
left,forward,60,4,19,760.000,213.239,50.0,111219,12252,0,61,1
left,forward,60,4,20,740.000,207.627,50.0,111269,12289,0,61,1
left,forward,0,5,1,0.000,0.000,50.0,112320,12365,0,68,1
left,forward,0,5,2,0.000,0.000,50.0,112370,12365,0,68,1
left,forward,0,5,3,0.000,0.000,50.0,112420,12365,0,68,1
left,forward,0,5,4,0.000,0.000,50.0,112470,12365,0,68,1
left,forward,0,5,5,0.000,0.000,50.0,112520,12365,0,68,1
left,forward,0,5,6,0.000,0.000,50.0,112570,12365,0,68,1
left,forward,0,5,7,0.000,0.000,50.0,112620,12365,0,68,1
left,forward,0,5,8,0.000,0.000,50.0,112670,12365,0,68,1
left,forward,0,5,9,0.000,0.000,50.0,112720,12365,0,68,1
left,forward,0,5,10,0.000,0.000,50.0,112770,12365,0,68,1
left,forward,0,5,11,0.000,0.000,50.0,112820,12365,0,68,1
left,forward,0,5,12,0.000,0.000,50.0,112870,12365,0,68,1
left,forward,0,5,13,0.000,0.000,50.0,112920,12365,0,68,1
left,forward,0,5,14,0.000,0.000,50.0,112970,12365,0,68,1
left,forward,0,5,15,0.000,0.000,50.0,113020,12365,0,68,1
left,forward,0,5,16,0.000,0.000,50.0,113070,12365,0,68,1
left,forward,0,5,17,0.000,0.000,50.0,113120,12365,0,68,1
left,forward,0,5,18,0.000,0.000,50.0,113170,12365,0,68,1
left,forward,0,5,19,0.000,0.000,50.0,113220,12365,0,68,1
left,forward,0,5,20,0.000,0.000,50.0,113270,12365,0,68,1
left,forward,5,5,1,0.000,0.000,50.0,114321,12365,0,0,1
left,forward,5,5,2,0.000,0.000,50.0,114371,12365,0,0,1
left,forward,5,5,3,0.000,0.000,50.0,114421,12365,0,0,1
left,forward,5,5,4,0.000,0.000,50.0,114471,12365,0,0,1
left,forward,5,5,5,0.000,0.000,50.0,114521,12365,0,0,1
left,forward,5,5,6,0.000,0.000,50.0,114571,12365,0,0,1
left,forward,5,5,7,0.000,0.000,50.0,114621,12365,0,0,1
left,forward,5,5,8,0.000,0.000,50.0,114671,12365,0,0,1
left,forward,5,5,9,0.000,0.000,50.0,114721,12365,0,0,1
left,forward,5,5,10,0.000,0.000,50.0,114771,12365,0,0,1
left,forward,5,5,11,0.000,0.000,50.0,114821,12365,0,0,1
left,forward,5,5,12,0.000,0.000,50.0,114871,12365,0,0,1
left,forward,5,5,13,0.000,0.000,50.0,114921,12365,0,0,1
left,forward,5,5,14,0.000,0.000,50.0,114971,12365,0,0,1
left,forward,5,5,15,0.000,0.000,50.0,115021,12365,0,0,1
left,forward,5,5,16,0.000,0.000,50.0,115071,12365,0,0,1
left,forward,5,5,17,0.000,0.000,50.0,115121,12365,0,0,1
left,forward,5,5,18,0.000,0.000,50.0,115171,12365,0,0,1
left,forward,5,5,19,0.000,0.000,50.0,115221,12365,0,0,1
left,forward,5,5,20,0.000,0.000,50.0,115271,12365,0,0,1
left,forward,10,5,1,0.000,0.000,50.0,116322,12365,0,0,1
left,forward,10,5,2,0.000,0.000,50.0,116372,12365,0,0,1
left,forward,10,5,3,0.000,0.000,50.0,116422,12365,0,0,1
left,forward,10,5,4,0.000,0.000,50.0,116472,12365,0,0,1
left,forward,10,5,5,0.000,0.000,50.0,116522,12365,0,0,1
left,forward,10,5,6,0.000,0.000,50.0,116572,12365,0,0,1
left,forward,10,5,7,0.000,0.000,50.0,116622,12365,0,0,1
left,forward,10,5,8,0.000,0.000,50.0,116672,12365,0,0,1
left,forward,10,5,9,0.000,0.000,50.0,116722,12365,0,0,1
left,forward,10,5,10,0.000,0.000,50.0,116772,12365,0,0,1
left,forward,10,5,11,0.000,0.000,50.0,116822,12365,0,0,1
left,forward,10,5,12,0.000,0.000,50.0,116872,12365,0,0,1
left,forward,10,5,13,0.000,0.000,50.0,116922,12365,0,0,1
left,forward,10,5,14,0.000,0.000,50.0,116972,12365,0,0,1
left,forward,10,5,15,0.000,0.000,50.0,117022,12365,0,0,1
left,forward,10,5,16,0.000,0.000,50.0,117072,12365,0,0,1
left,forward,10,5,17,0.000,0.000,50.0,117122,12365,0,0,1
left,forward,10,5,18,0.000,0.000,50.0,117172,12365,0,0,1
left,forward,10,5,19,0.000,0.000,50.0,117222,12365,0,0,1
left,forward,10,5,20,0.000,0.000,50.0,117272,12365,0,0,1
left,forward,15,5,1,0.000,0.000,50.0,118323,12365,0,0,1
left,forward,15,5,2,0.000,0.000,50.0,118373,12365,0,0,1
left,forward,15,5,3,0.000,0.000,50.0,118423,12365,0,0,1
left,forward,15,5,4,0.000,0.000,50.0,118473,12365,0,0,1
left,forward,15,5,5,0.000,0.000,50.0,118523,12365,0,0,1
left,forward,15,5,6,0.000,0.000,50.0,118573,12365,0,0,1
left,forward,15,5,7,0.000,0.000,50.0,118623,12365,0,0,1
left,forward,15,5,8,0.000,0.000,50.0,118673,12365,0,0,1
left,forward,15,5,9,0.000,0.000,50.0,118723,12365,0,0,1
left,forward,15,5,10,0.000,0.000,50.0,118773,12365,0,0,1
left,forward,15,5,11,0.000,0.000,50.0,118823,12365,0,0,1
left,forward,15,5,12,0.000,0.000,50.0,118873,12365,0,0,1
left,forward,15,5,13,0.000,0.000,50.0,118923,12365,0,0,1
left,forward,15,5,14,0.000,0.000,50.0,118973,12365,0,0,1
left,forward,15,5,15,0.000,0.000,50.0,119023,12365,0,0,1
left,forward,15,5,16,0.000,0.000,50.0,119073,12365,0,0,1
left,forward,15,5,17,0.000,0.000,50.0,119123,12365,0,0,1
left,forward,15,5,18,0.000,0.000,50.0,119173,12365,0,0,1
left,forward,15,5,19,0.000,0.000,50.0,119223,12365,0,0,1
left,forward,15,5,20,0.000,0.000,50.0,119273,12365,0,0,1
left,forward,20,5,1,0.000,0.000,50.0,120324,12365,0,0,1
left,forward,20,5,2,0.000,0.000,50.0,120374,12365,0,0,1
left,forward,20,5,3,0.000,0.000,50.0,120424,12365,0,0,1
left,forward,20,5,4,0.000,0.000,50.0,120474,12365,0,0,1
left,forward,20,5,5,0.000,0.000,50.0,120524,12365,0,0,1
left,forward,20,5,6,0.000,0.000,50.0,120574,12365,0,0,1
left,forward,20,5,7,0.000,0.000,50.0,120624,12365,0,0,1
left,forward,20,5,8,0.000,0.000,50.0,120674,12365,0,0,1
left,forward,20,5,9,0.000,0.000,50.0,120724,12365,0,0,1
left,forward,20,5,10,0.000,0.000,50.0,120774,12365,0,0,1
left,forward,20,5,11,0.000,0.000,50.0,120824,12365,0,0,1
left,forward,20,5,12,0.000,0.000,50.0,120874,12365,0,0,1
left,forward,20,5,13,0.000,0.000,50.0,120924,12365,0,0,1
left,forward,20,5,14,0.000,0.000,50.0,120974,12365,0,0,1
left,forward,20,5,15,0.000,0.000,50.0,121024,12365,0,0,1
left,forward,20,5,16,0.000,0.000,50.0,121074,12365,0,0,1
left,forward,20,5,17,0.000,0.000,50.0,121124,12365,0,0,1
left,forward,20,5,18,0.000,0.000,50.0,121174,12365,0,0,1
left,forward,20,5,19,0.000,0.000,50.0,121224,12365,0,0,1
left,forward,20,5,20,0.000,0.000,50.0,121274,12365,0,0,1
left,forward,25,5,1,0.000,0.000,50.0,122325,12365,0,0,1
left,forward,25,5,2,0.000,0.000,50.0,122375,12365,0,0,1
left,forward,25,5,3,0.000,0.000,50.0,122425,12365,0,0,1
left,forward,25,5,4,0.000,0.000,50.0,122475,12365,0,0,1
left,forward,25,5,5,0.000,0.000,50.0,122525,12365,0,0,1
left,forward,25,5,6,0.000,0.000,50.0,122575,12365,0,0,1
left,forward,25,5,7,0.000,0.000,50.0,122625,12365,0,0,1
left,forward,25,5,8,0.000,0.000,50.0,122675,12365,0,0,1
left,forward,25,5,9,0.000,0.000,50.0,122725,12365,0,0,1
left,forward,25,5,10,0.000,0.000,50.0,122775,12365,0,0,1
left,forward,25,5,11,0.000,0.000,50.0,122825,12365,0,0,1
left,forward,25,5,12,0.000,0.000,50.0,122875,12365,0,0,1
left,forward,25,5,13,0.000,0.000,50.0,122925,12365,0,0,1
left,forward,25,5,14,0.000,0.000,50.0,122975,12365,0,0,1
left,forward,25,5,15,0.000,0.000,50.0,123025,12365,0,0,1
left,forward,25,5,16,0.000,0.000,50.0,123075,12365,0,0,1
left,forward,25,5,17,0.000,0.000,50.0,123125,12365,0,0,1
left,forward,25,5,18,0.000,0.000,50.0,123175,12365,0,0,1
left,forward,25,5,19,0.000,0.000,50.0,123225,12365,0,0,1
left,forward,25,5,20,0.000,0.000,50.0,123275,12365,0,0,1
left,forward,30,5,1,0.000,0.000,50.0,124326,12365,0,0,1
left,forward,30,5,2,0.000,0.000,50.0,124376,12365,0,0,1
left,forward,30,5,3,0.000,0.000,50.0,124426,12365,0,0,1
left,forward,30,5,4,0.000,0.000,50.0,124476,12365,0,0,1
left,forward,30,5,5,0.000,0.000,50.0,124526,12365,0,0,1
left,forward,30,5,6,0.000,0.000,50.0,124576,12365,0,0,1
left,forward,30,5,7,0.000,0.000,50.0,124626,12365,0,0,1
left,forward,30,5,8,0.000,0.000,50.0,124676,12365,0,0,1
left,forward,30,5,9,0.000,0.000,50.0,124726,12365,0,0,1
left,forward,30,5,10,0.000,0.000,50.0,124776,12365,0,0,1
left,forward,30,5,11,0.000,0.000,50.0,124826,12365,0,0,1
left,forward,30,5,12,0.000,0.000,50.0,124876,12365,0,0,1
left,forward,30,5,13,0.000,0.000,50.0,124926,12365,0,0,1
left,forward,30,5,14,0.000,0.000,50.0,124976,12365,0,0,1
left,forward,30,5,15,0.000,0.000,50.0,125026,12365,0,0,1
left,forward,30,5,16,0.000,0.000,50.0,125076,12365,0,0,1
left,forward,30,5,17,0.000,0.000,50.0,125126,12365,0,0,1
left,forward,30,5,18,0.000,0.000,50.0,125176,12365,0,0,1
left,forward,30,5,19,0.000,0.000,50.0,125226,12365,0,0,1
left,forward,30,5,20,0.000,0.000,50.0,125276,12365,0,0,1
left,forward,35,5,1,0.000,0.000,50.0,126327,12365,0,0,1
left,forward,35,5,2,0.000,0.000,50.0,126377,12365,0,0,1
left,forward,35,5,3,0.000,0.000,50.0,126427,12365,0,0,1
left,forward,35,5,4,0.000,0.000,50.0,126477,12365,0,0,1
left,forward,35,5,5,0.000,0.000,50.0,126527,12365,0,0,1
left,forward,35,5,6,0.000,0.000,50.0,126577,12365,0,0,1
left,forward,35,5,7,0.000,0.000,50.0,126627,12365,0,0,1
left,forward,35,5,8,0.000,0.000,50.0,126677,12365,0,0,1
left,forward,35,5,9,0.000,0.000,50.0,126727,12365,0,0,1
left,forward,35,5,10,0.000,0.000,50.0,126777,12365,0,0,1
left,forward,35,5,11,0.000,0.000,50.0,126827,12365,0,0,1
left,forward,35,5,12,0.000,0.000,50.0,126877,12365,0,0,1
left,forward,35,5,13,0.000,0.000,50.0,126927,12365,0,0,1
left,forward,35,5,14,0.000,0.000,50.0,126977,12365,0,0,1
left,forward,35,5,15,0.000,0.000,50.0,127027,12365,0,0,1
left,forward,35,5,16,0.000,0.000,50.0,127077,12365,0,0,1
left,forward,35,5,17,0.000,0.000,50.0,127127,12365,0,0,1
left,forward,35,5,18,0.000,0.000,50.0,127177,12365,0,0,1
left,forward,35,5,19,0.000,0.000,50.0,127227,12365,0,0,1
left,forward,35,5,20,0.000,0.000,50.0,127277,12365,0,0,1
left,forward,40,5,1,0.000,0.000,50.0,128328,12365,0,0,1
left,forward,40,5,2,0.000,0.000,50.0,128378,12365,0,0,1
left,forward,40,5,3,0.000,0.000,50.0,128428,12365,0,0,1
left,forward,40,5,4,0.000,0.000,50.0,128478,12365,0,0,1
left,forward,40,5,5,240.000,67.339,50.0,128528,12377,0,0,1
left,forward,40,5,6,420.000,117.843,50.0,128578,12398,0,0,1
left,forward,40,5,7,460.000,129.066,50.0,128628,12421,0,0,1
left,forward,40,5,8,480.000,134.677,50.0,128678,12445,0,0,1
left,forward,40,5,9,460.000,129.066,50.0,128728,12468,0,0,1
left,forward,40,5,10,460.000,129.066,50.0,128778,12491,0,0,1
left,forward,40,5,11,480.000,134.677,50.0,128828,12515,0,0,1
left,forward,40,5,12,460.000,129.066,50.0,128878,12538,0,0,1
left,forward,40,5,13,480.000,134.677,50.0,128928,12562,0,0,1
left,forward,40,5,14,460.000,129.066,50.0,128978,12585,0,0,1
left,forward,40,5,15,480.000,134.677,50.0,129028,12609,0,0,1
left,forward,40,5,16,460.000,129.066,50.0,129078,12632,0,0,1
left,forward,40,5,17,460.000,129.066,50.0,129128,12655,0,0,1
left,forward,40,5,18,480.000,134.677,50.0,129178,12679,0,0,1
left,forward,40,5,19,460.000,129.066,50.0,129228,12702,0,0,1
left,forward,40,5,20,480.000,134.677,50.0,129278,12726,0,0,1
left,forward,45,5,1,0.000,0.000,50.0,130329,12769,0,38,1
left,forward,45,5,2,0.000,0.000,50.0,130379,12769,0,38,1
left,forward,45,5,3,60.000,16.835,50.0,130429,12772,0,38,1
left,forward,45,5,4,380.000,106.619,50.0,130479,12791,0,38,1
left,forward,45,5,5,480.000,134.677,50.0,130529,12815,0,38,1
left,forward,45,5,6,520.000,145.900,50.0,130579,12841,0,38,1
left,forward,45,5,7,540.000,151.512,50.0,130629,12868,0,38,1
left,forward,45,5,8,540.000,151.512,50.0,130679,12895,0,38,1
left,forward,45,5,9,540.000,151.512,50.0,130729,12922,0,38,1
left,forward,45,5,10,540.000,151.512,50.0,130779,12949,0,38,1
left,forward,45,5,11,540.000,151.512,50.0,130829,12976,0,38,1
left,forward,45,5,12,540.000,151.512,50.0,130879,13003,0,38,1
left,forward,45,5,13,540.000,151.512,50.0,130929,13030,0,38,1
left,forward,45,5,14,540.000,151.512,50.0,130979,13057,0,38,1
left,forward,45,5,15,540.000,151.512,50.0,131029,13084,0,38,1
left,forward,45,5,16,540.000,151.512,50.0,131079,13111,0,38,1
left,forward,45,5,17,540.000,151.512,50.0,131129,13138,0,38,1
left,forward,45,5,18,540.000,151.512,50.0,131179,13165,0,38,1
left,forward,45,5,19,540.000,151.512,50.0,131229,13192,0,38,1
left,forward,45,5,20,540.000,151.512,50.0,131279,13219,0,38,1
left,forward,50,5,1,0.000,0.000,50.0,132330,13269,0,44,1
left,forward,50,5,2,0.000,0.000,50.0,132380,13269,0,44,1
left,forward,50,5,3,220.000,61.727,50.0,132430,13280,0,44,1
left,forward,50,5,4,480.000,134.677,50.0,132480,13304,0,44,1
left,forward,50,5,5,540.000,151.512,50.0,132530,13331,0,44,1
left,forward,50,5,6,600.000,168.347,50.0,132580,13361,0,44,1
left,forward,50,5,7,600.000,168.347,50.0,132630,13391,0,44,1
left,forward,50,5,8,600.000,168.347,50.0,132680,13421,0,44,1
left,forward,50,5,9,620.000,173.958,50.0,132730,13452,0,44,1
left,forward,50,5,10,600.000,168.347,50.0,132780,13482,0,44,1
left,forward,50,5,11,620.000,173.958,50.0,132830,13513,0,44,1
left,forward,50,5,12,600.000,168.347,50.0,132880,13543,0,44,1
left,forward,50,5,13,600.000,168.347,50.0,132930,13573,0,44,1
left,forward,50,5,14,620.000,173.958,50.0,132980,13604,0,44,1
left,forward,50,5,15,600.000,168.347,50.0,133030,13634,0,44,1
left,forward,50,5,16,620.000,173.958,50.0,133080,13665,0,44,1
left,forward,50,5,17,600.000,168.347,50.0,133130,13695,0,44,1
left,forward,50,5,18,640.000,179.570,50.0,133180,13727,0,44,1
left,forward,50,5,19,600.000,168.347,50.0,133230,13757,0,44,1
left,forward,50,5,20,620.000,173.958,50.0,133280,13788,0,44,1
left,forward,55,5,1,0.000,0.000,50.0,134331,13845,0,50,1
left,forward,55,5,2,0.000,0.000,50.0,134381,13845,0,50,1
left,forward,55,5,3,240.000,67.339,50.0,134431,13857,0,50,1
left,forward,55,5,4,540.000,151.512,50.0,134481,13884,0,50,1
left,forward,55,5,5,600.000,168.347,50.0,134531,13914,0,50,1
left,forward,55,5,6,660.000,185.181,50.0,134581,13947,0,50,1
left,forward,55,5,7,660.000,185.181,50.0,134631,13980,0,50,1
left,forward,55,5,8,680.000,190.793,50.0,134681,14014,0,50,1
left,forward,55,5,9,660.000,185.181,50.0,134731,14047,0,50,1
left,forward,55,5,10,680.000,190.793,50.0,134781,14081,0,50,1
left,forward,55,5,11,680.000,190.793,50.0,134831,14115,0,50,1
left,forward,55,5,12,680.000,190.793,50.0,134881,14149,0,50,1
left,forward,55,5,13,680.000,190.793,50.0,134931,14183,0,50,1
left,forward,55,5,14,680.000,190.793,50.0,134981,14217,0,50,1
left,forward,55,5,15,700.000,196.404,50.0,135031,14252,0,50,1
left,forward,55,5,16,680.000,190.793,50.0,135081,14286,0,50,1
left,forward,55,5,17,680.000,190.793,50.0,135131,14320,0,50,1
left,forward,55,5,18,680.000,190.793,50.0,135181,14354,0,50,1
left,forward,55,5,19,700.000,196.404,50.0,135231,14389,0,50,1
left,forward,55,5,20,680.000,190.793,50.0,135281,14423,0,50,1
left,forward,60,5,1,0.000,0.000,50.0,136332,14489,0,59,1
left,forward,60,5,2,0.000,0.000,50.0,136382,14489,0,59,1
left,forward,60,5,3,220.000,61.727,50.0,136432,14500,0,59,1
left,forward,60,5,4,560.000,157.123,50.0,136482,14528,0,59,1
left,forward,60,5,5,680.000,190.793,50.0,136532,14562,0,59,1
left,forward,60,5,6,720.000,202.016,50.0,136582,14598,0,59,1
left,forward,60,5,7,720.000,202.016,50.0,136632,14634,0,59,1
left,forward,60,5,8,740.000,207.627,50.0,136682,14671,0,59,1
left,forward,60,5,9,740.000,207.627,50.0,136732,14708,0,59,1
left,forward,60,5,10,740.000,207.627,50.0,136782,14745,0,59,1
left,forward,60,5,11,760.000,213.239,50.0,136832,14783,0,59,1
left,forward,60,5,12,740.000,207.627,50.0,136882,14820,0,59,1
left,forward,60,5,13,760.000,213.239,50.0,136932,14858,0,59,1
left,forward,60,5,14,760.000,213.239,50.0,136982,14896,0,59,1
left,forward,60,5,15,740.000,207.627,50.0,137032,14933,0,59,1
left,forward,60,5,16,760.000,213.239,50.0,137082,14971,0,59,1
left,forward,60,5,17,760.000,213.239,50.0,137132,15009,0,59,1
left,forward,60,5,18,760.000,213.239,50.0,137182,15047,0,59,1
left,forward,60,5,19,760.000,213.239,50.0,137232,15085,0,59,1
left,forward,60,5,20,740.000,207.627,50.0,137282,15122,0,59,1
