wheel,direction,PWM,trial_num,sample_num,settled_speed_cps,speed_mm_s,dt_ms,time_ms,encoder_count,other_encoder_count
left,forward,100,1,1,1340.000,375.974,50.0,127967,649,0
left,forward,100,1,2,1314.815,368.908,54.0,128021,720,0
left,forward,100,1,3,1340.000,375.974,50.0,128071,787,0
left,forward,100,1,4,1320.000,370.362,50.0,128121,853,0
left,forward,100,1,5,1340.000,375.974,50.0,128171,920,0
left,forward,100,1,6,1320.000,370.362,50.0,128221,986,0
left,forward,100,1,7,1340.000,375.974,50.0,128271,1053,0
left,forward,100,1,8,1320.000,370.362,50.0,128321,1119,0
left,forward,100,1,9,1340.000,375.974,50.0,128371,1186,0
left,forward,100,1,10,1320.000,370.362,50.0,128421,1252,0
left,forward,100,1,11,1320.000,370.362,50.0,128471,1318,0
left,forward,100,1,12,1340.000,375.974,50.0,128521,1385,0
left,forward,100,1,13,1340.000,375.974,50.0,128571,1452,0
left,forward,100,1,14,1320.000,370.362,50.0,128621,1518,0
left,forward,100,1,15,1340.000,375.974,50.0,128671,1585,0
left,forward,100,1,16,1320.000,370.362,50.0,128721,1651,0
left,forward,100,1,17,1320.000,370.362,50.0,128771,1717,0
left,forward,100,1,18,1340.000,375.974,50.0,128821,1784,0
left,forward,100,1,19,1320.000,370.362,50.0,128871,1850,0
left,forward,100,1,20,1340.000,375.974,50.0,128921,1917,0
left,forward,160,1,1,2160.000,606.048,50.0,130571,3106,0
left,forward,160,1,2,2160.000,606.048,50.0,130621,3214,0
left,forward,160,1,3,2180.000,611.659,50.0,130671,3323,0
left,forward,160,1,4,2180.000,611.659,50.0,130721,3432,0
left,forward,160,1,5,2160.000,606.048,50.0,130771,3540,0
left,forward,160,1,6,2160.000,606.048,50.0,130821,3648,0
left,forward,160,1,7,2180.000,611.659,50.0,130871,3757,0
left,forward,160,1,8,2160.000,606.048,50.0,130921,3865,0
left,forward,160,1,9,2160.000,606.048,50.0,130971,3973,0
left,forward,160,1,10,2180.000,611.659,50.0,131021,4082,0
left,forward,160,1,11,2160.000,606.048,50.0,131071,4190,0
left,forward,160,1,12,2160.000,606.048,50.0,131121,4298,0
left,forward,160,1,13,2180.000,611.659,50.0,131171,4407,0
left,forward,160,1,14,2160.000,606.048,50.0,131221,4515,0
left,forward,160,1,15,2160.000,606.048,50.0,131271,4623,0
left,forward,160,1,16,2180.000,611.659,50.0,131321,4732,0
left,forward,160,1,17,2160.000,606.048,50.0,131371,4840,0
left,forward,160,1,18,2160.000,606.048,50.0,131421,4948,0
left,forward,160,1,19,2180.000,611.659,50.0,131471,5057,0
left,forward,160,1,20,2160.000,606.048,50.0,131521,5165,0
left,forward,100,2,1,1320.000,370.362,50.0,133171,6182,0
left,forward,100,2,2,1320.000,370.362,50.0,133221,6248,0
left,forward,100,2,3,1320.000,370.362,50.0,133271,6314,0
left,forward,100,2,4,1320.000,370.362,50.0,133321,6380,0
left,forward,100,2,5,1320.000,370.362,50.0,133371,6446,0
left,forward,100,2,6,1320.000,370.362,50.0,133421,6512,0
left,forward,100,2,7,1320.000,370.362,50.0,133471,6578,0
left,forward,100,2,8,1320.000,370.362,50.0,133521,6644,0
left,forward,100,2,9,1320.000,370.362,50.0,133571,6710,0
left,forward,100,2,10,1320.000,370.362,50.0,133621,6776,0
left,forward,100,2,11,1320.000,370.362,50.0,133671,6842,0
left,forward,100,2,12,1320.000,370.362,50.0,133721,6908,0
left,forward,100,2,13,1300.000,364.751,50.0,133771,6973,0
left,forward,100,2,14,1340.000,375.974,50.0,133821,7040,0
left,forward,100,2,15,1300.000,364.751,50.0,133871,7105,0
left,forward,100,2,16,1320.000,370.362,50.0,133921,7171,0
left,forward,100,2,17,1320.000,370.362,50.0,133971,7237,0
left,forward,100,2,18,1320.000,370.362,50.0,134021,7303,0
left,forward,100,2,19,1340.000,375.974,50.0,134071,7370,0
left,forward,100,2,20,1300.000,364.751,50.0,134121,7435,0
left,forward,160,2,1,2160.000,606.048,50.0,135771,8626,0
left,forward,160,2,2,2160.000,606.048,50.0,135821,8734,0
left,forward,160,2,3,2180.000,611.659,50.0,135871,8843,0
left,forward,160,2,4,2160.000,606.048,50.0,135921,8951,0
left,forward,160,2,5,2160.000,606.048,50.0,135971,9059,0
left,forward,160,2,6,2160.000,606.048,50.0,136021,9167,0
left,forward,160,2,7,2176.470,610.669,51.0,136072,9278,0
left,forward,160,2,8,2140.000,600.436,50.0,136122,9385,0
left,forward,160,2,9,2160.000,606.048,50.0,136172,9493,0
left,forward,160,2,10,2160.000,606.048,50.0,136222,9601,0
left,forward,160,2,11,2160.000,606.048,50.0,136272,9709,0
left,forward,160,2,12,2160.000,606.048,50.0,136322,9817,0
left,forward,160,2,13,2160.000,606.048,50.0,136372,9925,0
left,forward,160,2,14,2160.000,606.048,50.0,136422,10033,0
left,forward,160,2,15,2160.000,606.048,50.0,136472,10141,0
left,forward,160,2,16,2160.000,606.048,50.0,136522,10249,0
left,forward,160,2,17,2180.000,611.659,50.0,136572,10358,0
left,forward,160,2,18,2140.000,600.436,50.0,136622,10465,0
left,forward,160,2,19,2180.000,611.659,50.0,136672,10574,0
left,forward,160,2,20,2140.000,600.436,50.0,136722,10681,0
left,forward,100,3,1,1320.000,370.362,50.0,138373,11688,0
left,forward,100,3,2,1300.000,364.751,50.0,138423,11753,0
left,forward,100,3,3,1320.000,370.362,50.0,138473,11819,0
left,forward,100,3,4,1320.000,370.362,50.0,138523,11885,0
left,forward,100,3,5,1320.000,370.362,50.0,138573,11951,0
left,forward,100,3,6,1300.000,364.751,50.0,138623,12016,0
left,forward,100,3,7,1320.000,370.362,50.0,138673,12082,0
left,forward,100,3,8,1320.000,370.362,50.0,138723,12148,0
left,forward,100,3,9,1320.000,370.362,50.0,138773,12214,0
left,forward,100,3,10,1320.000,370.362,50.0,138823,12280,0
left,forward,100,3,11,1300.000,364.751,50.0,138873,12345,0
left,forward,100,3,12,1340.000,375.974,50.0,138923,12412,0
left,forward,100,3,13,1300.000,364.751,50.0,138973,12477,0
left,forward,100,3,14,1320.000,370.362,50.0,139023,12543,0
left,forward,100,3,15,1300.000,364.751,50.0,139073,12608,0
left,forward,100,3,16,1340.000,375.974,50.0,139123,12675,0
left,forward,100,3,17,1300.000,364.751,50.0,139173,12740,0
left,forward,100,3,18,1320.000,370.362,50.0,139223,12806,0
left,forward,100,3,19,1320.000,370.362,50.0,139273,12872,0
left,forward,100,3,20,1300.000,364.751,50.0,139323,12937,0
left,forward,160,3,1,2160.000,606.048,50.0,140974,14132,0
left,forward,160,3,2,2160.000,606.048,50.0,141024,14240,0
left,forward,160,3,3,2160.000,606.048,50.0,141074,14348,0
left,forward,160,3,4,2160.000,606.048,50.0,141124,14456,0
left,forward,160,3,5,2180.000,611.659,50.0,141174,14565,0
left,forward,160,3,6,2140.000,600.436,50.0,141224,14672,0
left,forward,160,3,7,2180.000,611.659,50.0,141274,14781,0
left,forward,160,3,8,2140.000,600.436,50.0,141324,14888,0
left,forward,160,3,9,2180.000,611.659,50.0,141374,14997,0
left,forward,160,3,10,2140.000,600.436,50.0,141424,15104,0
left,forward,160,3,11,2180.000,611.659,50.0,141474,15213,0
left,forward,160,3,12,2160.000,606.048,50.0,141524,15321,0
left,forward,160,3,13,2160.000,606.048,50.0,141574,15429,0
left,forward,160,3,14,2160.000,606.048,50.0,141624,15537,0
left,forward,160,3,15,2160.000,606.048,50.0,141674,15645,0
left,forward,160,3,16,2160.000,606.048,50.0,141724,15753,0
left,forward,160,3,17,2160.000,606.048,50.0,141774,15861,0
left,forward,160,3,18,2160.000,606.048,50.0,141824,15969,0
left,forward,160,3,19,2160.000,606.048,50.0,141874,16077,0
left,forward,160,3,20,2160.000,606.048,50.0,141924,16185,0
left,forward,100,4,1,1320.000,370.362,50.0,143575,17200,0
left,forward,100,4,2,1320.000,370.362,50.0,143625,17266,0
left,forward,100,4,3,1320.000,370.362,50.0,143675,17332,0
left,forward,100,4,4,1320.000,370.362,50.0,143725,17398,0
left,forward,100,4,5,1320.000,370.362,50.0,143775,17464,0
left,forward,100,4,6,1300.000,364.751,50.0,143825,17529,0
left,forward,100,4,7,1320.000,370.362,50.0,143875,17595,0
left,forward,100,4,8,1320.000,370.362,50.0,143925,17661,0
left,forward,100,4,9,1320.000,370.362,50.0,143975,17727,0
left,forward,100,4,10,1320.000,370.362,50.0,144025,17793,0
left,forward,100,4,11,1313.725,368.602,51.0,144076,17860,0
left,forward,100,4,12,1320.000,370.362,50.0,144126,17926,0
left,forward,100,4,13,1320.000,370.362,50.0,144176,17992,0
left,forward,100,4,14,1300.000,364.751,50.0,144226,18057,0
left,forward,100,4,15,1320.000,370.362,50.0,144276,18123,0
left,forward,100,4,16,1320.000,370.362,50.0,144326,18189,0
left,forward,100,4,17,1320.000,370.362,50.0,144376,18255,0
left,forward,100,4,18,1320.000,370.362,50.0,144426,18321,0
left,forward,100,4,19,1300.000,364.751,50.0,144476,18386,0
left,forward,100,4,20,1320.000,370.362,50.0,144526,18452,0
left,forward,160,4,1,2160.000,606.048,50.0,146177,19634,0
left,forward,160,4,2,2160.000,606.048,50.0,146227,19742,0
left,forward,160,4,3,2160.000,606.048,50.0,146277,19850,0
left,forward,160,4,4,2160.000,606.048,50.0,146327,19958,0
left,forward,160,4,5,2160.000,606.048,50.0,146377,20066,0
left,forward,160,4,6,2160.000,606.048,50.0,146427,20174,0
left,forward,160,4,7,2180.000,611.659,50.0,146477,20283,0
left,forward,160,4,8,2160.000,606.048,50.0,146527,20391,0
left,forward,160,4,9,2160.000,606.048,50.0,146577,20499,0
left,forward,160,4,10,2160.000,606.048,50.0,146627,20607,0
left,forward,160,4,11,2160.000,606.048,50.0,146677,20715,0
left,forward,160,4,12,2160.000,606.048,50.0,146727,20823,0
left,forward,160,4,13,2160.000,606.048,50.0,146777,20931,0
left,forward,160,4,14,2160.000,606.048,50.0,146827,21039,0
left,forward,160,4,15,2160.000,606.048,50.0,146877,21147,0
left,forward,160,4,16,2160.000,606.048,50.0,146927,21255,0
left,forward,160,4,17,2160.000,606.048,50.0,146977,21363,0
left,forward,160,4,18,2160.000,606.048,50.0,147027,21471,0
left,forward,160,4,19,2160.000,606.048,50.0,147077,21579,0
left,forward,160,4,20,2160.000,606.048,50.0,147127,21687,0
left,forward,100,5,1,1320.000,370.362,50.0,148778,22710,0
left,forward,100,5,2,1320.000,370.362,50.0,148828,22776,0
left,forward,100,5,3,1320.000,370.362,50.0,148878,22842,0
left,forward,100,5,4,1320.000,370.362,50.0,148928,22908,0
left,forward,100,5,5,1320.000,370.362,50.0,148978,22974,0
left,forward,100,5,6,1320.000,370.362,50.0,149028,23040,0
left,forward,100,5,7,1320.000,370.362,50.0,149078,23106,0
left,forward,100,5,8,1320.000,370.362,50.0,149128,23172,0
left,forward,100,5,9,1300.000,364.751,50.0,149178,23237,0
left,forward,100,5,10,1320.000,370.362,50.0,149228,23303,0
left,forward,100,5,11,1320.000,370.362,50.0,149278,23369,0
left,forward,100,5,12,1320.000,370.362,50.0,149328,23435,0
left,forward,100,5,13,1320.000,370.362,50.0,149378,23501,0
left,forward,100,5,14,1320.000,370.362,50.0,149428,23567,0
left,forward,100,5,15,1320.000,370.362,50.0,149478,23633,0
left,forward,100,5,16,1300.000,364.751,50.0,149528,23698,0
left,forward,100,5,17,1320.000,370.362,50.0,149578,23764,0
left,forward,100,5,18,1320.000,370.362,50.0,149628,23830,0
left,forward,100,5,19,1320.000,370.362,50.0,149678,23896,0
left,forward,100,5,20,1320.000,370.362,50.0,149728,23962,0
left,forward,160,5,1,2160.000,606.048,50.0,151379,25152,0
left,forward,160,5,2,2160.000,606.048,50.0,151429,25260,0
left,forward,160,5,3,2160.000,606.048,50.0,151479,25368,0
left,forward,160,5,4,2160.000,606.048,50.0,151529,25476,0
left,forward,160,5,5,2160.000,606.048,50.0,151579,25584,0
left,forward,160,5,6,2160.000,606.048,50.0,151629,25692,0
left,forward,160,5,7,2160.000,606.048,50.0,151679,25800,0
left,forward,160,5,8,2160.000,606.048,50.0,151729,25908,0
left,forward,160,5,9,2160.000,606.048,50.0,151779,26016,0
left,forward,160,5,10,2180.000,611.659,50.0,151829,26125,0
left,forward,160,5,11,2140.000,600.436,50.0,151879,26232,0
left,forward,160,5,12,2180.000,611.659,50.0,151929,26341,0
left,forward,160,5,13,2160.000,606.048,50.0,151979,26449,0
left,forward,160,5,14,2160.000,606.048,50.0,152029,26557,0
left,forward,160,5,15,2156.863,605.167,51.0,152080,26667,0
left,forward,160,5,16,2160.000,606.048,50.0,152130,26775,0
left,forward,160,5,17,2160.000,606.048,50.0,152180,26883,0
left,forward,160,5,18,2180.000,611.659,50.0,152230,26992,0
left,forward,160,5,19,2140.000,600.436,50.0,152280,27099,0
left,forward,160,5,20,2160.000,606.048,50.0,152330,27207,0
